<?xml version="1.0" encoding="utf-8"?>
<signatures>
  <enum name="AlphaFunction">
    <token name="ALWAYS" value="0x0207" />
    <token name="EQUAL" value="0x0202" />
    <token name="GEQUAL" value="0x0206" />
    <token name="GREATER" value="0x0204" />
    <token name="LEQUAL" value="0x0203" />
    <token name="LESS" value="0x0201" />
    <token name="NEVER" value="0x0200" />
    <token name="NOTEQUAL" value="0x0205" />
  </enum>
  <enum name="AMDCompressed3DCTexture">
    <token name="3DC_X_AMD" value="0x87F9" />
    <token name="3DC_XY_AMD" value="0x87FA" />
    <token name="AMD_compressed_3DC_texture" value="1" />
  </enum>
  <enum name="AMDCompressedATCTexture">
    <token name="AMD_compressed_ATC_texture" value="1" />
    <token name="ATC_RGB_AMD" value="0x8C92" />
    <token name="ATC_RGBA_EXPLICIT_ALPHA_AMD" value="0x8C93" />
    <token name="ATC_RGBA_INTERPOLATED_ALPHA_AMD" value="0x87EE" />
  </enum>
  <enum name="BeginMode">
    <token name="LINE_LOOP" value="0x0002" />
    <token name="LINE_STRIP" value="0x0003" />
    <token name="LINES" value="0x0001" />
    <token name="POINTS" value="0x0000" />
    <token name="TRIANGLE_FAN" value="0x0006" />
    <token name="TRIANGLE_STRIP" value="0x0005" />
    <token name="TRIANGLES" value="0x0004" />
  </enum>
  <enum name="BlendingFactorDest">
    <token name="DST_ALPHA" value="0x0304" />
    <token name="ONE" value="1" />
    <token name="ONE_MINUS_DST_ALPHA" value="0x0305" />
    <token name="ONE_MINUS_SRC_ALPHA" value="0x0303" />
    <token name="ONE_MINUS_SRC_COLOR" value="0x0301" />
    <token name="SRC_ALPHA" value="0x0302" />
    <token name="SRC_COLOR" value="0x0300" />
    <token name="ZERO" value="0" />
  </enum>
  <enum name="BlendingFactorSrc">
    <token name="DST_COLOR" value="0x0306" />
    <token name="ONE_MINUS_DST_COLOR" value="0x0307" />
    <token name="SRC_ALPHA_SATURATE" value="0x0308" />
  </enum>
  <enum name="Boolean">
    <token name="FALSE" value="0" />
    <token name="TRUE" value="1" />
  </enum>
  <enum name="BufferObjects">
    <token name="ARRAY_BUFFER" value="0x8892" />
    <token name="ARRAY_BUFFER_BINDING" value="0x8894" />
    <token name="BUFFER_SIZE" value="0x8764" />
    <token name="BUFFER_USAGE" value="0x8765" />
    <token name="COLOR_ARRAY_BUFFER_BINDING" value="0x8898" />
    <token name="DYNAMIC_DRAW" value="0x88E8" />
    <token name="ELEMENT_ARRAY_BUFFER" value="0x8893" />
    <token name="ELEMENT_ARRAY_BUFFER_BINDING" value="0x8895" />
    <token name="NORMAL_ARRAY_BUFFER_BINDING" value="0x8897" />
    <token name="STATIC_DRAW" value="0x88E4" />
    <token name="TEXTURE_COORD_ARRAY_BUFFER_BINDING" value="0x889A" />
    <token name="VERTEX_ARRAY_BUFFER_BINDING" value="0x8896" />
  </enum>
  <enum name="ClearBufferMask">
    <token name="COLOR_BUFFER_BIT" value="0x00004000" />
    <token name="DEPTH_BUFFER_BIT" value="0x00000100" />
    <token name="STENCIL_BUFFER_BIT" value="0x00000400" />
  </enum>
  <enum name="ClipPlaneName">
    <token name="CLIP_PLANE0" value="0x3000" />
    <token name="CLIP_PLANE1" value="0x3001" />
    <token name="CLIP_PLANE2" value="0x3002" />
    <token name="CLIP_PLANE3" value="0x3003" />
    <token name="CLIP_PLANE4" value="0x3004" />
    <token name="CLIP_PLANE5" value="0x3005" />
  </enum>
  <enum name="CullFaceMode">
    <token name="BACK" value="0x0405" />
    <token name="FRONT" value="0x0404" />
    <token name="FRONT_AND_BACK" value="0x0408" />
  </enum>
  <enum name="DataType">
    <token name="BYTE" value="0x1400" />
    <token name="FIXED" value="0x140C" />
    <token name="FLOAT" value="0x1406" />
    <token name="SHORT" value="0x1402" />
    <token name="UNSIGNED_BYTE" value="0x1401" />
    <token name="UNSIGNED_SHORT" value="0x1403" />
  </enum>
  <enum name="EnableCap">
    <token name="ALPHA_TEST" value="0x0BC0" />
    <token name="BLEND" value="0x0BE2" />
    <token name="COLOR_ARRAY" value="0x8076" />
    <token name="COLOR_LOGIC_OP" value="0x0BF2" />
    <token name="COLOR_MATERIAL" value="0x0B57" />
    <token name="CULL_FACE" value="0x0B44" />
    <token name="DEPTH_TEST" value="0x0B71" />
    <token name="DITHER" value="0x0BD0" />
    <token name="FOG" value="0x0B60" />
    <token name="LIGHTING" value="0x0B50" />
    <token name="LINE_SMOOTH" value="0x0B20" />
    <token name="MULTISAMPLE" value="0x809D" />
    <token name="NORMAL_ARRAY" value="0x8075" />
    <token name="NORMALIZE" value="0x0BA1" />
    <token name="POINT_SMOOTH" value="0x0B10" />
    <token name="POLYGON_OFFSET_FILL" value="0x8037" />
    <token name="RESCALE_NORMAL" value="0x803A" />
    <token name="SAMPLE_ALPHA_TO_COVERAGE" value="0x809E" />
    <token name="SAMPLE_ALPHA_TO_ONE" value="0x809F" />
    <token name="SAMPLE_COVERAGE" value="0x80A0" />
    <token name="SCISSOR_TEST" value="0x0C11" />
    <token name="STENCIL_TEST" value="0x0B90" />
    <token name="TEXTURE_2D" value="0x0DE1" />
    <token name="TEXTURE_COORD_ARRAY" value="0x8078" />
    <token name="VERTEX_ARRAY" value="0x8074" />
  </enum>
  <enum name="ErrorCode">
    <token name="INVALID_ENUM" value="0x0500" />
    <token name="INVALID_OPERATION" value="0x0502" />
    <token name="INVALID_VALUE" value="0x0501" />
    <token name="NO_ERROR" value="0" />
    <token name="OUT_OF_MEMORY" value="0x0505" />
    <token name="STACK_OVERFLOW" value="0x0503" />
    <token name="STACK_UNDERFLOW" value="0x0504" />
  </enum>
  <enum name="EXTTextureFilterAnisotropic">
    <token name="EXT_texture_filter_anisotropic" value="1" />
    <token name="MAX_TEXTURE_MAX_ANISOTROPY_EXT" value="0x84FF" />
    <token name="TEXTURE_MAX_ANISOTROPY_EXT" value="0x84FE" />
  </enum>
  <enum name="EXTTextureFormatBGRA8888">
    <token name="BGRA" value="0x80E1" />
    <token name="EXT_texture_format_BGRA8888" value="1" />
  </enum>
  <enum name="FogMode">
    <token name="EXP" value="0x0800" />
    <token name="EXP2" value="0x0801" />
  </enum>
  <enum name="FogParameter">
    <token name="FOG_COLOR" value="0x0B66" />
    <token name="FOG_DENSITY" value="0x0B62" />
    <token name="FOG_END" value="0x0B64" />
    <token name="FOG_MODE" value="0x0B65" />
    <token name="FOG_START" value="0x0B63" />
  </enum>
  <enum name="FrontFaceDirection">
    <token name="CCW" value="0x0901" />
    <token name="CW" value="0x0900" />
  </enum>
  <enum name="GetPName">
    <token name="ALIASED_LINE_WIDTH_RANGE" value="0x846E" />
    <token name="ALIASED_POINT_SIZE_RANGE" value="0x846D" />
    <token name="ALPHA_BITS" value="0x0D55" />
    <token name="ALPHA_TEST_FUNC" value="0x0BC1" />
    <token name="ALPHA_TEST_REF" value="0x0BC2" />
    <token name="BLEND_DST" value="0x0BE0" />
    <token name="BLEND_SRC" value="0x0BE1" />
    <token name="BLUE_BITS" value="0x0D54" />
    <token name="COLOR_ARRAY_POINTER" value="0x8090" />
    <token name="COLOR_ARRAY_SIZE" value="0x8081" />
    <token name="COLOR_ARRAY_STRIDE" value="0x8083" />
    <token name="COLOR_ARRAY_TYPE" value="0x8082" />
    <token name="COLOR_CLEAR_VALUE" value="0x0C22" />
    <token name="COLOR_WRITEMASK" value="0x0C23" />
    <token name="CULL_FACE_MODE" value="0x0B45" />
    <token name="CURRENT_COLOR" value="0x0B00" />
    <token name="CURRENT_NORMAL" value="0x0B02" />
    <token name="CURRENT_TEXTURE_COORDS" value="0x0B03" />
    <token name="DEPTH_BITS" value="0x0D56" />
    <token name="DEPTH_CLEAR_VALUE" value="0x0B73" />
    <token name="DEPTH_FUNC" value="0x0B74" />
    <token name="DEPTH_RANGE" value="0x0B70" />
    <token name="DEPTH_WRITEMASK" value="0x0B72" />
    <token name="FRONT_FACE" value="0x0B46" />
    <token name="GREEN_BITS" value="0x0D53" />
    <token name="LINE_WIDTH" value="0x0B21" />
    <token name="LOGIC_OP_MODE" value="0x0BF0" />
    <token name="MATRIX_MODE" value="0x0BA0" />
    <token name="MAX_CLIP_PLANES" value="0x0D32" />
    <token name="MAX_LIGHTS" value="0x0D31" />
    <token name="MAX_MODELVIEW_STACK_DEPTH" value="0x0D36" />
    <token name="MAX_PROJECTION_STACK_DEPTH" value="0x0D38" />
    <token name="MAX_TEXTURE_SIZE" value="0x0D33" />
    <token name="MAX_TEXTURE_STACK_DEPTH" value="0x0D39" />
    <token name="MAX_TEXTURE_UNITS" value="0x84E2" />
    <token name="MAX_VIEWPORT_DIMS" value="0x0D3A" />
    <token name="MODELVIEW_MATRIX" value="0x0BA6" />
    <token name="MODELVIEW_STACK_DEPTH" value="0x0BA3" />
    <token name="NORMAL_ARRAY_POINTER" value="0x808F" />
    <token name="NORMAL_ARRAY_STRIDE" value="0x807F" />
    <token name="NORMAL_ARRAY_TYPE" value="0x807E" />
    <token name="PACK_ALIGNMENT" value="0x0D05" />
    <token name="POINT_DISTANCE_ATTENUATION" value="0x8129" />
    <token name="POINT_FADE_THRESHOLD_SIZE" value="0x8128" />
    <token name="POINT_SIZE" value="0x0B11" />
    <token name="POINT_SIZE_MAX" value="0x8127" />
    <token name="POINT_SIZE_MIN" value="0x8126" />
    <token name="POLYGON_OFFSET_FACTOR" value="0x8038" />
    <token name="POLYGON_OFFSET_FILL" value="0x8037" />
    <token name="POLYGON_OFFSET_UNITS" value="0x2A00" />
    <token name="PROJECTION_MATRIX" value="0x0BA7" />
    <token name="PROJECTION_STACK_DEPTH" value="0x0BA4" />
    <token name="RED_BITS" value="0x0D52" />
    <token name="SAMPLE_BUFFERS" value="0x80A8" />
    <token name="SAMPLE_COVERAGE_INVERT" value="0x80AB" />
    <token name="SAMPLE_COVERAGE_VALUE" value="0x80AA" />
    <token name="SAMPLES" value="0x80A9" />
    <token name="SCISSOR_BOX" value="0x0C10" />
    <token name="SCISSOR_TEST" value="0x0C11" />
    <token name="SHADE_MODEL" value="0x0B54" />
    <token name="SMOOTH_LINE_WIDTH_RANGE" value="0x0B22" />
    <token name="SMOOTH_POINT_SIZE_RANGE" value="0x0B12" />
    <token name="STENCIL_BITS" value="0x0D57" />
    <token name="STENCIL_CLEAR_VALUE" value="0x0B91" />
    <token name="STENCIL_FAIL" value="0x0B94" />
    <token name="STENCIL_FUNC" value="0x0B92" />
    <token name="STENCIL_PASS_DEPTH_FAIL" value="0x0B95" />
    <token name="STENCIL_PASS_DEPTH_PASS" value="0x0B96" />
    <token name="STENCIL_REF" value="0x0B97" />
    <token name="STENCIL_VALUE_MASK" value="0x0B93" />
    <token name="STENCIL_WRITEMASK" value="0x0B98" />
    <token name="SUBPIXEL_BITS" value="0x0D50" />
    <token name="TEXTURE_BINDING_2D" value="0x8069" />
    <token name="TEXTURE_COORD_ARRAY_POINTER" value="0x8092" />
    <token name="TEXTURE_COORD_ARRAY_SIZE" value="0x8088" />
    <token name="TEXTURE_COORD_ARRAY_STRIDE" value="0x808A" />
    <token name="TEXTURE_COORD_ARRAY_TYPE" value="0x8089" />
    <token name="TEXTURE_MATRIX" value="0x0BA8" />
    <token name="TEXTURE_STACK_DEPTH" value="0x0BA5" />
    <token name="UNPACK_ALIGNMENT" value="0x0CF5" />
    <token name="VERTEX_ARRAY_POINTER" value="0x808E" />
    <token name="VERTEX_ARRAY_SIZE" value="0x807A" />
    <token name="VERTEX_ARRAY_STRIDE" value="0x807C" />
    <token name="VERTEX_ARRAY_TYPE" value="0x807B" />
    <token name="VIEWPORT" value="0x0BA2" />
  </enum>
  <enum name="GetTextureParameter">
    <token name="COMPRESSED_TEXTURE_FORMATS" value="0x86A3" />
    <token name="NUM_COMPRESSED_TEXTURE_FORMATS" value="0x86A2" />
  </enum>
  <enum name="HintMode">
    <token name="DONT_CARE" value="0x1100" />
    <token name="FASTEST" value="0x1101" />
    <token name="NICEST" value="0x1102" />
  </enum>
  <enum name="HintTarget">
    <token name="FOG_HINT" value="0x0C54" />
    <token name="GENERATE_MIPMAP_HINT" value="0x8192" />
    <token name="LINE_SMOOTH_HINT" value="0x0C52" />
    <token name="PERSPECTIVE_CORRECTION_HINT" value="0x0C50" />
    <token name="POINT_SMOOTH_HINT" value="0x0C51" />
  </enum>
  <enum name="IMGReadFormat">
    <token name="BGRA" value="0x80E1" />
    <token name="IMG_read_format" value="1" />
    <token name="UNSIGNED_SHORT_1_5_5_5_REV" value="0x8366" />
    <token name="UNSIGNED_SHORT_4_4_4_4_REV" value="0x8365" />
  </enum>
  <enum name="IMGTextureCompressionPvrtc">
    <token name="COMPRESSED_RGB_PVRTC_2BPPV1_IMG" value="0x8C01" />
    <token name="COMPRESSED_RGB_PVRTC_4BPPV1_IMG" value="0x8C00" />
    <token name="COMPRESSED_RGBA_PVRTC_2BPPV1_IMG" value="0x8C03" />
    <token name="COMPRESSED_RGBA_PVRTC_4BPPV1_IMG" value="0x8C02" />
    <token name="IMG_texture_compression_pvrtc" value="1" />
  </enum>
  <enum name="IMGTextureEnvEnhancedFixedFunction">
    <token name="ADD_BLEND_IMG" value="0x8C09" />
    <token name="DOT3_RGBA_IMG" value="0x86AF" />
    <token name="FACTOR_ALPHA_MODULATE_IMG" value="0x8C07" />
    <token name="FRAGMENT_ALPHA_MODULATE_IMG" value="0x8C08" />
    <token name="IMG_texture_env_enhanced_fixed_function" value="1" />
    <token name="MODULATE_COLOR_IMG" value="0x8C04" />
    <token name="RECIP_ADD_SIGNED_ALPHA_IMG" value="0x8C05" />
    <token name="TEXTURE_ALPHA_MODULATE_IMG" value="0x8C06" />
  </enum>
  <enum name="IMGUserClipPlane">
    <token name="CLIP_PLANE0_IMG" value="0x3000" />
    <token name="CLIP_PLANE1_IMG" value="0x3001" />
    <token name="CLIP_PLANE2_IMG" value="0x3002" />
    <token name="CLIP_PLANE3_IMG" value="0x3003" />
    <token name="CLIP_PLANE4_IMG" value="0x3004" />
    <token name="CLIP_PLANE5_IMG" value="0x3005" />
    <token name="IMG_user_clip_plane" value="1" />
    <token name="MAX_CLIP_PLANES_IMG" value="0x0D32" />
  </enum>
  <enum name="LightModelParameter">
    <token name="LIGHT_MODEL_AMBIENT" value="0x0B53" />
    <token name="LIGHT_MODEL_TWO_SIDE" value="0x0B52" />
  </enum>
  <enum name="LightName">
    <token name="LIGHT0" value="0x4000" />
    <token name="LIGHT1" value="0x4001" />
    <token name="LIGHT2" value="0x4002" />
    <token name="LIGHT3" value="0x4003" />
    <token name="LIGHT4" value="0x4004" />
    <token name="LIGHT5" value="0x4005" />
    <token name="LIGHT6" value="0x4006" />
    <token name="LIGHT7" value="0x4007" />
  </enum>
  <enum name="LightParameter">
    <token name="AMBIENT" value="0x1200" />
    <token name="CONSTANT_ATTENUATION" value="0x1207" />
    <token name="DIFFUSE" value="0x1201" />
    <token name="LINEAR_ATTENUATION" value="0x1208" />
    <token name="POSITION" value="0x1203" />
    <token name="QUADRATIC_ATTENUATION" value="0x1209" />
    <token name="SPECULAR" value="0x1202" />
    <token name="SPOT_CUTOFF" value="0x1206" />
    <token name="SPOT_DIRECTION" value="0x1204" />
    <token name="SPOT_EXPONENT" value="0x1205" />
  </enum>
  <enum name="LogicOp">
    <token name="AND" value="0x1501" />
    <token name="AND_INVERTED" value="0x1504" />
    <token name="AND_REVERSE" value="0x1502" />
    <token name="CLEAR" value="0x1500" />
    <token name="COPY" value="0x1503" />
    <token name="COPY_INVERTED" value="0x150C" />
    <token name="EQUIV" value="0x1509" />
    <token name="INVERT" value="0x150A" />
    <token name="NAND" value="0x150E" />
    <token name="NOOP" value="0x1505" />
    <token name="NOR" value="0x1508" />
    <token name="OR" value="0x1507" />
    <token name="OR_INVERTED" value="0x150D" />
    <token name="OR_REVERSE" value="0x150B" />
    <token name="SET" value="0x150F" />
    <token name="XOR" value="0x1506" />
  </enum>
  <enum name="MaterialParameter">
    <token name="AMBIENT_AND_DIFFUSE" value="0x1602" />
    <token name="EMISSION" value="0x1600" />
    <token name="SHININESS" value="0x1601" />
  </enum>
  <enum name="MatrixMode">
    <token name="MODELVIEW" value="0x1700" />
    <token name="PROJECTION" value="0x1701" />
    <token name="TEXTURE" value="0x1702" />
  </enum>
  <enum name="NVFence">
    <token name="ALL_COMPLETED_NV" value="0x84F2" />
    <token name="FENCE_CONDITION_NV" value="0x84F4" />
    <token name="FENCE_STATUS_NV" value="0x84F3" />
    <token name="NV_fence" value="1" />
  </enum>
  <enum name="OESBlendEquationSeparate">
    <token name="BLEND_EQUATION_ALPHA_OES" value="0x883D" />
    <token name="BLEND_EQUATION_RGB_OES" value="0x8009" />
    <token name="OES_blend_equation_separate" value="1" />
  </enum>
  <enum name="OESBlendFuncSeparate">
    <token name="BLEND_DST_ALPHA_OES" value="0x80CA" />
    <token name="BLEND_DST_RGB_OES" value="0x80C8" />
    <token name="BLEND_SRC_ALPHA_OES" value="0x80CB" />
    <token name="BLEND_SRC_RGB_OES" value="0x80C9" />
    <token name="OES_blend_func_separate" value="1" />
  </enum>
  <enum name="OESBlendSubtract">
    <token name="BLEND_EQUATION_OES" value="0x8009" />
    <token name="FUNC_ADD_OES" value="0x8006" />
    <token name="FUNC_REVERSE_SUBTRACT_OES" value="0x800B" />
    <token name="FUNC_SUBTRACT_OES" value="0x800A" />
    <token name="OES_blend_subtract" value="1" />
  </enum>
  <enum name="OESByteCoordinates">
    <token name="OES_byte_coordinates" value="1" />
  </enum>
  <enum name="OESCompressedETC1RGB8Texture">
    <token name="ETC1_RGB8_OES" value="0x8D64" />
    <token name="OES_compressed_ETC1_RGB8_texture" value="1" />
  </enum>
  <enum name="OESCompressedPalettedTexture">
    <token name="OES_compressed_paletted_texture" value="1" />
    <token name="PALETTE4_R5_G6_B5_OES" value="0x8B92" />
    <token name="PALETTE4_RGB5_A1_OES" value="0x8B94" />
    <token name="PALETTE4_RGB8_OES" value="0x8B90" />
    <token name="PALETTE4_RGBA4_OES" value="0x8B93" />
    <token name="PALETTE4_RGBA8_OES" value="0x8B91" />
    <token name="PALETTE8_R5_G6_B5_OES" value="0x8B97" />
    <token name="PALETTE8_RGB5_A1_OES" value="0x8B99" />
    <token name="PALETTE8_RGB8_OES" value="0x8B95" />
    <token name="PALETTE8_RGBA4_OES" value="0x8B98" />
    <token name="PALETTE8_RGBA8_OES" value="0x8B96" />
  </enum>
  <enum name="OESDepth24">
    <token name="DEPTH_COMPONENT24_OES" value="0x81A6" />
    <token name="OES_depth24" value="1" />
  </enum>
  <enum name="OESDepth32">
    <token name="DEPTH_COMPONENT32_OES" value="0x81A7" />
    <token name="OES_depth32" value="1" />
  </enum>
  <enum name="OESDrawTexture">
    <token name="OES_draw_texture" value="1" />
    <token name="TEXTURE_CROP_RECT_OES" value="0x8B9D" />
  </enum>
  <enum name="OESEGLImage">
    <token name="OES_EGL_image" value="1" />
  </enum>
  <enum name="OESElementIndexUint">
    <token name="OES_element_index_uint" value="1" />
  </enum>
  <enum name="OESExtendedMatrixPalette">
    <token name="OES_extended_matrix_palette" value="1" />
  </enum>
  <enum name="OESFboRenderMipmap">
    <token name="OES_fbo_render_mipmap" value="1" />
  </enum>
  <enum name="OESFixedPoint">
    <token name="FIXED_OES" value="0x140C" />
    <token name="OES_fixed_point" value="1" />
  </enum>
  <enum name="OESFramebufferObject">
    <token name="COLOR_ATTACHMENT0_OES" value="0x8CE0" />
    <token name="DEPTH_ATTACHMENT_OES" value="0x8D00" />
    <token name="DEPTH_COMPONENT16_OES" value="0x81A5" />
    <token name="FRAMEBUFFER_ATTACHMENT_OBJECT_NAME_OES" value="0x8CD1" />
    <token name="FRAMEBUFFER_ATTACHMENT_OBJECT_TYPE_OES" value="0x8CD0" />
    <token name="FRAMEBUFFER_ATTACHMENT_TEXTURE_CUBE_MAP_FACE_OES" value="0x8CD3" />
    <token name="FRAMEBUFFER_ATTACHMENT_TEXTURE_LEVEL_OES" value="0x8CD2" />
    <token name="FRAMEBUFFER_BINDING_OES" value="0x8CA6" />
    <token name="FRAMEBUFFER_COMPLETE_OES" value="0x8CD5" />
    <token name="FRAMEBUFFER_INCOMPLETE_ATTACHMENT_OES" value="0x8CD6" />
    <token name="FRAMEBUFFER_INCOMPLETE_DIMENSIONS_OES" value="0x8CD9" />
    <token name="FRAMEBUFFER_INCOMPLETE_FORMATS_OES" value="0x8CDA" />
    <token name="FRAMEBUFFER_INCOMPLETE_MISSING_ATTACHMENT_OES" value="0x8CD7" />
    <token name="FRAMEBUFFER_OES" value="0x8D40" />
    <token name="FRAMEBUFFER_UNSUPPORTED_OES" value="0x8CDD" />
    <token name="INVALID_FRAMEBUFFER_OPERATION_OES" value="0x0506" />
    <token name="MAX_RENDERBUFFER_SIZE_OES" value="0x84E8" />
    <token name="NONE_OES" value="0" />
    <token name="OES_framebuffer_object" value="1" />
    <token name="RENDERBUFFER_ALPHA_SIZE_OES" value="0x8D53" />
    <token name="RENDERBUFFER_BINDING_OES" value="0x8CA7" />
    <token name="RENDERBUFFER_BLUE_SIZE_OES" value="0x8D52" />
    <token name="RENDERBUFFER_DEPTH_SIZE_OES" value="0x8D54" />
    <token name="RENDERBUFFER_GREEN_SIZE_OES" value="0x8D51" />
    <token name="RENDERBUFFER_HEIGHT_OES" value="0x8D43" />
    <token name="RENDERBUFFER_INTERNAL_FORMAT_OES" value="0x8D44" />
    <token name="RENDERBUFFER_OES" value="0x8D41" />
    <token name="RENDERBUFFER_RED_SIZE_OES" value="0x8D50" />
    <token name="RENDERBUFFER_STENCIL_SIZE_OES" value="0x8D55" />
    <token name="RENDERBUFFER_WIDTH_OES" value="0x8D42" />
    <token name="RGB5_A1_OES" value="0x8057" />
    <token name="RGB565_OES" value="0x8D62" />
    <token name="RGBA4_OES" value="0x8056" />
    <token name="STENCIL_ATTACHMENT_OES" value="0x8D20" />
  </enum>
  <enum name="OESMapbuffer">
    <token name="BUFFER_ACCESS_OES" value="0x88BB" />
    <token name="BUFFER_MAP_POINTER_OES" value="0x88BD" />
    <token name="BUFFER_MAPPED_OES" value="0x88BC" />
    <token name="OES_mapbuffer" value="1" />
    <token name="WRITE_ONLY_OES" value="0x88B9" />
  </enum>
  <enum name="OESMatrixGet">
    <token name="MODELVIEW_MATRIX_FLOAT_AS_INT_BITS_OES" value="0x898D" />
    <token name="OES_matrix_get" value="1" />
    <token name="PROJECTION_MATRIX_FLOAT_AS_INT_BITS_OES" value="0x898E" />
    <token name="TEXTURE_MATRIX_FLOAT_AS_INT_BITS_OES" value="0x898F" />
  </enum>
  <enum name="OESMatrixPalette">
    <token name="CURRENT_PALETTE_MATRIX_OES" value="0x8843" />
    <token name="MATRIX_INDEX_ARRAY_BUFFER_BINDING_OES" value="0x8B9E" />
    <token name="MATRIX_INDEX_ARRAY_OES" value="0x8844" />
    <token name="MATRIX_INDEX_ARRAY_POINTER_OES" value="0x8849" />
    <token name="MATRIX_INDEX_ARRAY_SIZE_OES" value="0x8846" />
    <token name="MATRIX_INDEX_ARRAY_STRIDE_OES" value="0x8848" />
    <token name="MATRIX_INDEX_ARRAY_TYPE_OES" value="0x8847" />
    <token name="MATRIX_PALETTE_OES" value="0x8840" />
    <token name="MAX_PALETTE_MATRICES_OES" value="0x8842" />
    <token name="MAX_VERTEX_UNITS_OES" value="0x86A4" />
    <token name="OES_matrix_palette" value="1" />
    <token name="WEIGHT_ARRAY_BUFFER_BINDING_OES" value="0x889E" />
    <token name="WEIGHT_ARRAY_OES" value="0x86AD" />
    <token name="WEIGHT_ARRAY_POINTER_OES" value="0x86AC" />
    <token name="WEIGHT_ARRAY_SIZE_OES" value="0x86AB" />
    <token name="WEIGHT_ARRAY_STRIDE_OES" value="0x86AA" />
    <token name="WEIGHT_ARRAY_TYPE_OES" value="0x86A9" />
  </enum>
  <enum name="OESPackedDepthStencil">
    <token name="DEPTH_STENCIL_OES" value="0x84F9" />
    <token name="DEPTH24_STENCIL8_OES" value="0x88F0" />
    <token name="OES_packed_depth_stencil" value="1" />
    <token name="UNSIGNED_INT_24_8_OES" value="0x84FA" />
  </enum>
  <enum name="OESPointSizeArray">
    <token name="OES_point_size_array" value="1" />
    <token name="POINT_SIZE_ARRAY_BUFFER_BINDING_OES" value="0x8B9F" />
    <token name="POINT_SIZE_ARRAY_OES" value="0x8B9C" />
    <token name="POINT_SIZE_ARRAY_POINTER_OES" value="0x898C" />
    <token name="POINT_SIZE_ARRAY_STRIDE_OES" value="0x898B" />
    <token name="POINT_SIZE_ARRAY_TYPE_OES" value="0x898A" />
  </enum>
  <enum name="OESPointSprite">
    <token name="COORD_REPLACE_OES" value="0x8862" />
    <token name="OES_point_sprite" value="1" />
    <token name="POINT_SPRITE_OES" value="0x8861" />
  </enum>
  <enum name="OESQueryMatrix">
    <token name="OES_query_matrix" value="1" />
  </enum>
  <enum name="OESReadFormat">
    <token name="IMPLEMENTATION_COLOR_READ_FORMAT_OES" value="0x8B9B" />
    <token name="IMPLEMENTATION_COLOR_READ_TYPE_OES" value="0x8B9A" />
    <token name="OES_read_format" value="1" />
  </enum>
  <enum name="OESRgb8Rgba8">
    <token name="OES_rgb8_rgba8" value="1" />
    <token name="RGB8_OES" value="0x8051" />
    <token name="RGBA8_OES" value="0x8058" />
  </enum>
  <enum name="OESSinglePrecision">
    <token name="OES_single_precision" value="1" />
  </enum>
  <enum name="OESStencil1">
    <token name="OES_stencil1" value="1" />
    <token name="STENCIL_INDEX1_OES" value="0x8D46" />
  </enum>
  <enum name="OESStencil4">
    <token name="OES_stencil4" value="1" />
    <token name="STENCIL_INDEX4_OES" value="0x8D47" />
  </enum>
  <enum name="OESStencil8">
    <token name="OES_stencil8" value="1" />
    <token name="STENCIL_INDEX8_OES" value="0x8D48" />
  </enum>
  <enum name="OESStencilWrap">
    <token name="DECR_WRAP_OES" value="0x8508" />
    <token name="INCR_WRAP_OES" value="0x8507" />
    <token name="OES_stencil_wrap" value="1" />
  </enum>
  <enum name="OESTextureCubeMap">
    <token name="MAX_CUBE_MAP_TEXTURE_SIZE_OES" value="0x851C" />
    <token name="NORMAL_MAP_OES" value="0x8511" />
    <token name="OES_texture_cube_map" value="1" />
    <token name="REFLECTION_MAP_OES" value="0x8512" />
    <token name="TEXTURE_BINDING_CUBE_MAP_OES" value="0x8514" />
    <token name="TEXTURE_CUBE_MAP_NEGATIVE_X_OES" value="0x8516" />
    <token name="TEXTURE_CUBE_MAP_NEGATIVE_Y_OES" value="0x8518" />
    <token name="TEXTURE_CUBE_MAP_NEGATIVE_Z_OES" value="0x851A" />
    <token name="TEXTURE_CUBE_MAP_OES" value="0x8513" />
    <token name="TEXTURE_CUBE_MAP_POSITIVE_X_OES" value="0x8515" />
    <token name="TEXTURE_CUBE_MAP_POSITIVE_Y_OES" value="0x8517" />
    <token name="TEXTURE_CUBE_MAP_POSITIVE_Z_OES" value="0x8519" />
    <token name="TEXTURE_GEN_MODE_OES" value="0x2500" />
    <token name="TEXTURE_GEN_STR_OES" value="0x8D60" />
  </enum>
  <enum name="OESTextureEnvCrossbar">
    <token name="OES_texture_env_crossbar" value="1" />
  </enum>
  <enum name="OESTextureMirroredRepeat">
    <token name="MIRRORED_REPEAT_OES" value="0x8370" />
    <token name="OES_texture_mirrored_repeat" value="1" />
  </enum>
  <enum name="OpenGLESCoreVersions">
    <token name="VERSION_ES_CL_1_0" value="1" />
    <token name="VERSION_ES_CL_1_1" value="1" />
    <token name="VERSION_ES_CM_1_0" value="1" />
    <token name="VERSION_ES_CM_1_1" value="1" />
  </enum>
  <enum name="PixelFormat">
    <token name="ALPHA" value="0x1906" />
    <token name="LUMINANCE" value="0x1909" />
    <token name="LUMINANCE_ALPHA" value="0x190A" />
    <token name="RGB" value="0x1907" />
    <token name="RGBA" value="0x1908" />
  </enum>
  <enum name="PixelStoreParameter">
    <token name="PACK_ALIGNMENT" value="0x0D05" />
    <token name="UNPACK_ALIGNMENT" value="0x0CF5" />
  </enum>
  <enum name="PixelType">
    <token name="UNSIGNED_SHORT_4_4_4_4" value="0x8033" />
    <token name="UNSIGNED_SHORT_5_5_5_1" value="0x8034" />
    <token name="UNSIGNED_SHORT_5_6_5" value="0x8363" />
  </enum>
  <enum name="QCOMDriverControl">
    <token name="QCOM_driver_control" value="1" />
  </enum>
  <enum name="QCOMPerfmonGlobalMode">
    <token name="PERFMON_GLOBAL_MODE_QCOM" value="0x8FA0" />
    <token name="QCOM_perfmon_global_mode" value="1" />
  </enum>
  <enum name="ShadingModel">
    <token name="FLAT" value="0x1D00" />
    <token name="SMOOTH" value="0x1D01" />
  </enum>
  <enum name="StencilOp">
    <token name="DECR" value="0x1E03" />
    <token name="INCR" value="0x1E02" />
    <token name="KEEP" value="0x1E00" />
    <token name="REPLACE" value="0x1E01" />
  </enum>
  <enum name="StringName">
    <token name="EXTENSIONS" value="0x1F03" />
    <token name="RENDERER" value="0x1F01" />
    <token name="VENDOR" value="0x1F00" />
    <token name="VERSION" value="0x1F02" />
  </enum>
  <enum name="TextureCombineDot3">
    <token name="ADD_SIGNED" value="0x8574" />
    <token name="ALPHA_SCALE" value="0x0D1C" />
    <token name="COMBINE" value="0x8570" />
    <token name="COMBINE_ALPHA" value="0x8572" />
    <token name="COMBINE_RGB" value="0x8571" />
    <token name="CONSTANT" value="0x8576" />
    <token name="DOT3_RGB" value="0x86AE" />
    <token name="DOT3_RGBA" value="0x86AF" />
    <token name="INTERPOLATE" value="0x8575" />
    <token name="OPERAND0_ALPHA" value="0x8598" />
    <token name="OPERAND0_RGB" value="0x8590" />
    <token name="OPERAND1_ALPHA" value="0x8599" />
    <token name="OPERAND1_RGB" value="0x8591" />
    <token name="OPERAND2_ALPHA" value="0x859A" />
    <token name="OPERAND2_RGB" value="0x8592" />
    <token name="PREVIOUS" value="0x8578" />
    <token name="PRIMARY_COLOR" value="0x8577" />
    <token name="RGB_SCALE" value="0x8573" />
    <token name="SRC0_ALPHA" value="0x8588" />
    <token name="SRC0_RGB" value="0x8580" />
    <token name="SRC1_ALPHA" value="0x8589" />
    <token name="SRC1_RGB" value="0x8581" />
    <token name="SRC2_ALPHA" value="0x858A" />
    <token name="SRC2_RGB" value="0x8582" />
    <token name="SUBTRACT" value="0x84E7" />
  </enum>
  <enum name="TextureEnvMode">
    <token name="ADD" value="0x0104" />
    <token name="DECAL" value="0x2101" />
    <token name="MODULATE" value="0x2100" />
  </enum>
  <enum name="TextureEnvParameter">
    <token name="TEXTURE_ENV_COLOR" value="0x2201" />
    <token name="TEXTURE_ENV_MODE" value="0x2200" />
  </enum>
  <enum name="TextureEnvTarget">
    <token name="TEXTURE_ENV" value="0x2300" />
  </enum>
  <enum name="TextureMagFilter">
    <token name="LINEAR" value="0x2601" />
    <token name="NEAREST" value="0x2600" />
  </enum>
  <enum name="TextureMinFilter">
    <token name="LINEAR_MIPMAP_LINEAR" value="0x2703" />
    <token name="LINEAR_MIPMAP_NEAREST" value="0x2701" />
    <token name="NEAREST_MIPMAP_LINEAR" value="0x2702" />
    <token name="NEAREST_MIPMAP_NEAREST" value="0x2700" />
  </enum>
  <enum name="TextureParameterName">
    <token name="GENERATE_MIPMAP" value="0x8191" />
    <token name="TEXTURE_MAG_FILTER" value="0x2800" />
    <token name="TEXTURE_MIN_FILTER" value="0x2801" />
    <token name="TEXTURE_WRAP_S" value="0x2802" />
    <token name="TEXTURE_WRAP_T" value="0x2803" />
  </enum>
  <enum name="TextureUnit">
    <token name="ACTIVE_TEXTURE" value="0x84E0" />
    <token name="CLIENT_ACTIVE_TEXTURE" value="0x84E1" />
    <token name="TEXTURE0" value="0x84C0" />
    <token name="TEXTURE1" value="0x84C1" />
    <token name="TEXTURE10" value="0x84CA" />
    <token name="TEXTURE11" value="0x84CB" />
    <token name="TEXTURE12" value="0x84CC" />
    <token name="TEXTURE13" value="0x84CD" />
    <token name="TEXTURE14" value="0x84CE" />
    <token name="TEXTURE15" value="0x84CF" />
    <token name="TEXTURE16" value="0x84D0" />
    <token name="TEXTURE17" value="0x84D1" />
    <token name="TEXTURE18" value="0x84D2" />
    <token name="TEXTURE19" value="0x84D3" />
    <token name="TEXTURE2" value="0x84C2" />
    <token name="TEXTURE20" value="0x84D4" />
    <token name="TEXTURE21" value="0x84D5" />
    <token name="TEXTURE22" value="0x84D6" />
    <token name="TEXTURE23" value="0x84D7" />
    <token name="TEXTURE24" value="0x84D8" />
    <token name="TEXTURE25" value="0x84D9" />
    <token name="TEXTURE26" value="0x84DA" />
    <token name="TEXTURE27" value="0x84DB" />
    <token name="TEXTURE28" value="0x84DC" />
    <token name="TEXTURE29" value="0x84DD" />
    <token name="TEXTURE3" value="0x84C3" />
    <token name="TEXTURE30" value="0x84DE" />
    <token name="TEXTURE31" value="0x84DF" />
    <token name="TEXTURE4" value="0x84C4" />
    <token name="TEXTURE5" value="0x84C5" />
    <token name="TEXTURE6" value="0x84C6" />
    <token name="TEXTURE7" value="0x84C7" />
    <token name="TEXTURE8" value="0x84C8" />
    <token name="TEXTURE9" value="0x84C9" />
  </enum>
  <enum name="TextureWrapMode">
    <token name="CLAMP_TO_EDGE" value="0x812F" />
    <token name="REPEAT" value="0x2901" />
  </enum>
  <function name="ActiveTexture" extension="Core" profile="" category="1.1" version="1.1">
    <returns type="void" />
    <param type="GLenum" name="texture" flow="in" />
  </function>
  <function name="AlphaFunc" extension="Core" profile="" category="1.1" version="1.1">
    <returns type="void" />
    <param type="GLenum" name="func" flow="in" />
    <param type="GLclampf" name="ref" flow="in" />
  </function>
  <function name="AlphaFuncx" extension="Core" profile="" category="1.1" version="1.1">
    <returns type="void" />
    <param type="GLenum" name="func" flow="in" />
    <param type="GLclampx" name="ref" flow="in" />
  </function>
  <function name="BindBuffer" extension="Core" profile="" category="1.1" version="1.1">
    <returns type="void" />
    <param type="GLenum" name="target" flow="in" />
    <param type="GLuint" name="buffer" flow="in" />
  </function>
  <function name="BindTexture" extension="Core" profile="" category="1.1" version="1.1">
    <returns type="void" />
    <param type="GLenum" name="target" flow="in" />
    <param type="GLuint" name="texture" flow="in" />
  </function>
  <function name="BlendFunc" extension="Core" profile="" category="1.1" version="1.1">
    <returns type="void" />
    <param type="GLenum" name="sfactor" flow="in" />
    <param type="GLenum" name="dfactor" flow="in" />
  </function>
  <function name="BufferData" extension="Core" profile="" category="1.1" version="1.1">
    <returns type="void" />
    <param type="GLenum" name="target" flow="in" />
    <param type="GLsizeiptr" name="size" flow="in" />
    <param type="GLvoid*" name="data" flow="in" />
    <param type="GLenum" name="usage" flow="in" />
  </function>
  <function name="BufferSubData" extension="Core" profile="" category="1.1" version="1.1">
    <returns type="void" />
    <param type="GLenum" name="target" flow="in" />
    <param type="GLintptr" name="offset" flow="in" />
    <param type="GLsizeiptr" name="size" flow="in" />
    <param type="GLvoid*" name="data" flow="in" />
  </function>
  <function name="Clear" extension="Core" profile="" category="1.1" version="1.1">
    <returns type="void" />
    <param type="GLbitfield" name="mask" flow="in" />
  </function>
  <function name="ClearColor" extension="Core" profile="" category="1.1" version="1.1">
    <returns type="void" />
    <param type="GLclampf" name="red" flow="in" />
    <param type="GLclampf" name="green" flow="in" />
    <param type="GLclampf" name="blue" flow="in" />
    <param type="GLclampf" name="alpha" flow="in" />
  </function>
  <function name="ClearColorx" extension="Core" profile="" category="1.1" version="1.1">
    <returns type="void" />
    <param type="GLclampx" name="red" flow="in" />
    <param type="GLclampx" name="green" flow="in" />
    <param type="GLclampx" name="blue" flow="in" />
    <param type="GLclampx" name="alpha" flow="in" />
  </function>
  <function name="ClearDepthf" extension="Core" profile="" category="1.1" version="1.1">
    <returns type="void" />
    <param type="GLclampf" name="depth" flow="in" />
  </function>
  <function name="ClearDepthx" extension="Core" profile="" category="1.1" version="1.1">
    <returns type="void" />
    <param type="GLclampx" name="depth" flow="in" />
  </function>
  <function name="ClearStencil" extension="Core" profile="" category="1.1" version="1.1">
    <returns type="void" />
    <param type="GLint" name="s" flow="in" />
  </function>
  <function name="ClientActiveTexture" extension="Core" profile="" category="1.1" version="1.1">
    <returns type="void" />
    <param type="GLenum" name="texture" flow="in" />
  </function>
  <function name="ClipPlanef" extension="Core" profile="" category="1.1" version="1.1">
    <returns type="void" />
    <param type="GLenum" name="plane" flow="in" />
    <param type="GLfloat*" name="equation" flow="in" />
  </function>
  <function name="ClipPlanefIMG" extension="Core" profile="" category="1.1" version="1.1">
    <returns type="void" />
    <param type="GLenum" name="p" flow="in" />
    <param type="GLfloat*" name="eqn" flow="in" />
  </function>
  <function name="ClipPlanex" extension="Core" profile="" category="1.1" version="1.1">
    <returns type="void" />
    <param type="GLenum" name="plane" flow="in" />
    <param type="GLfixed*" name="equation" flow="in" />
  </function>
  <function name="ClipPlanexIMG" extension="Core" profile="" category="1.1" version="1.1">
    <returns type="void" />
    <param type="GLenum" name="p" flow="in" />
    <param type="GLfixed*" name="eqn" flow="in" />
  </function>
  <function name="Color4f" extension="Core" profile="" category="1.1" version="1.1">
    <returns type="void" />
    <param type="GLfloat" name="red" flow="in" />
    <param type="GLfloat" name="green" flow="in" />
    <param type="GLfloat" name="blue" flow="in" />
    <param type="GLfloat" name="alpha" flow="in" />
  </function>
  <function name="Color4ub" extension="Core" profile="" category="1.1" version="1.1">
    <returns type="void" />
    <param type="GLubyte" name="red" flow="in" />
    <param type="GLubyte" name="green" flow="in" />
    <param type="GLubyte" name="blue" flow="in" />
    <param type="GLubyte" name="alpha" flow="in" />
  </function>
  <function name="Color4x" extension="Core" profile="" category="1.1" version="1.1">
    <returns type="void" />
    <param type="GLfixed" name="red" flow="in" />
    <param type="GLfixed" name="green" flow="in" />
    <param type="GLfixed" name="blue" flow="in" />
    <param type="GLfixed" name="alpha" flow="in" />
  </function>
  <function name="ColorMask" extension="Core" profile="" category="1.1" version="1.1">
    <returns type="void" />
    <param type="GLboolean" name="red" flow="in" />
    <param type="GLboolean" name="green" flow="in" />
    <param type="GLboolean" name="blue" flow="in" />
    <param type="GLboolean" name="alpha" flow="in" />
  </function>
  <function name="ColorPointer" extension="Core" profile="" category="1.1" version="1.1">
    <returns type="void" />
    <param type="GLint" name="size" flow="in" />
    <param type="GLenum" name="type" flow="in" />
    <param type="GLsizei" name="stride" flow="in" />
    <param type="GLvoid*" name="pointer" flow="in" />
  </function>
  <function name="CompressedTexImage2D" extension="Core" profile="" category="1.1" version="1.1">
    <returns type="void" />
    <param type="GLenum" name="target" flow="in" />
    <param type="GLint" name="level" flow="in" />
    <param type="GLenum" name="internalformat" flow="in" />
    <param type="GLsizei" name="width" flow="in" />
    <param type="GLsizei" name="height" flow="in" />
    <param type="GLint" name="border" flow="in" />
    <param type="GLsizei" name="imageSize" flow="in" />
    <param type="GLvoid*" name="data" flow="in" />
  </function>
  <function name="CompressedTexSubImage2D" extension="Core" profile="" category="1.1" version="1.1">
    <returns type="void" />
    <param type="GLenum" name="target" flow="in" />
    <param type="GLint" name="level" flow="in" />
    <param type="GLint" name="xoffset" flow="in" />
    <param type="GLint" name="yoffset" flow="in" />
    <param type="GLsizei" name="width" flow="in" />
    <param type="GLsizei" name="height" flow="in" />
    <param type="GLenum" name="format" flow="in" />
    <param type="GLsizei" name="imageSize" flow="in" />
    <param type="GLvoid*" name="data" flow="in" />
  </function>
  <function name="CopyTexImage2D" extension="Core" profile="" category="1.1" version="1.1">
    <returns type="void" />
    <param type="GLenum" name="target" flow="in" />
    <param type="GLint" name="level" flow="in" />
    <param type="GLenum" name="internalformat" flow="in" />
    <param type="GLint" name="x" flow="in" />
    <param type="GLint" name="y" flow="in" />
    <param type="GLsizei" name="width" flow="in" />
    <param type="GLsizei" name="height" flow="in" />
    <param type="GLint" name="border" flow="in" />
  </function>
  <function name="CopyTexSubImage2D" extension="Core" profile="" category="1.1" version="1.1">
    <returns type="void" />
    <param type="GLenum" name="target" flow="in" />
    <param type="GLint" name="level" flow="in" />
    <param type="GLint" name="xoffset" flow="in" />
    <param type="GLint" name="yoffset" flow="in" />
    <param type="GLint" name="x" flow="in" />
    <param type="GLint" name="y" flow="in" />
    <param type="GLsizei" name="width" flow="in" />
    <param type="GLsizei" name="height" flow="in" />
  </function>
  <function name="CullFace" extension="Core" profile="" category="1.1" version="1.1">
    <returns type="void" />
    <param type="GLenum" name="mode" flow="in" />
  </function>
  <function name="DeleteBuffers" extension="Core" profile="" category="1.1" version="1.1">
    <returns type="void" />
    <param type="GLsizei" name="n" flow="in" />
    <param type="GLuint*" name="buffers" flow="in" />
  </function>
  <function name="DeleteTextures" extension="Core" profile="" category="1.1" version="1.1">
    <returns type="void" />
    <param type="GLsizei" name="n" flow="in" />
    <param type="GLuint*" name="textures" flow="in" />
  </function>
  <function name="DepthFunc" extension="Core" profile="" category="1.1" version="1.1">
    <returns type="void" />
    <param type="GLenum" name="func" flow="in" />
  </function>
  <function name="DepthMask" extension="Core" profile="" category="1.1" version="1.1">
    <returns type="void" />
    <param type="GLboolean" name="flag" flow="in" />
  </function>
  <function name="DepthRangef" extension="Core" profile="" category="1.1" version="1.1">
    <returns type="void" />
    <param type="GLclampf" name="zNear" flow="in" />
    <param type="GLclampf" name="zFar" flow="in" />
  </function>
  <function name="DepthRangex" extension="Core" profile="" category="1.1" version="1.1">
    <returns type="void" />
    <param type="GLclampx" name="zNear" flow="in" />
    <param type="GLclampx" name="zFar" flow="in" />
  </function>
  <function name="Disable" extension="Core" profile="" category="1.1" version="1.1">
    <returns type="void" />
    <param type="GLenum" name="cap" flow="in" />
  </function>
  <function name="DisableClientState" extension="Core" profile="" category="1.1" version="1.1">
    <returns type="void" />
    <param type="GLenum" name="array" flow="in" />
  </function>
  <function name="DrawArrays" extension="Core" profile="" category="1.1" version="1.1">
    <returns type="void" />
    <param type="GLenum" name="mode" flow="in" />
    <param type="GLint" name="first" flow="in" />
    <param type="GLsizei" name="count" flow="in" />
  </function>
  <function name="DrawElements" extension="Core" profile="" category="1.1" version="1.1">
    <returns type="void" />
    <param type="GLenum" name="mode" flow="in" />
    <param type="GLsizei" name="count" flow="in" />
    <param type="GLenum" name="type" flow="in" />
    <param type="GLvoid*" name="indices" flow="in" />
  </function>
  <function name="Enable" extension="Core" profile="" category="1.1" version="1.1">
    <returns type="void" />
    <param type="GLenum" name="cap" flow="in" />
  </function>
  <function name="EnableClientState" extension="Core" profile="" category="1.1" version="1.1">
    <returns type="void" />
    <param type="GLenum" name="array" flow="in" />
  </function>
  <function name="Finish" extension="Core" profile="" category="1.1" version="1.1">
    <returns type="void" />
  </function>
  <function name="Flush" extension="Core" profile="" category="1.1" version="1.1">
    <returns type="void" />
  </function>
  <function name="Fogf" extension="Core" profile="" category="1.1" version="1.1">
    <returns type="void" />
    <param type="GLenum" name="pname" flow="in" />
    <param type="GLfloat" name="param" flow="in" />
  </function>
  <function name="Fogfv" extension="Core" profile="" category="1.1" version="1.1">
    <returns type="void" />
    <param type="GLenum" name="pname" flow="in" />
    <param type="GLfloat*" name="params" flow="in" />
  </function>
  <function name="Fogx" extension="Core" profile="" category="1.1" version="1.1">
    <returns type="void" />
    <param type="GLenum" name="pname" flow="in" />
    <param type="GLfixed" name="param" flow="in" />
  </function>
  <function name="Fogxv" extension="Core" profile="" category="1.1" version="1.1">
    <returns type="void" />
    <param type="GLenum" name="pname" flow="in" />
    <param type="GLfixed*" name="params" flow="in" />
  </function>
  <function name="FrontFace" extension="Core" profile="" category="1.1" version="1.1">
    <returns type="void" />
    <param type="GLenum" name="mode" flow="in" />
  </function>
  <function name="Frustumf" extension="Core" profile="" category="1.1" version="1.1">
    <returns type="void" />
    <param type="GLfloat" name="left" flow="in" />
    <param type="GLfloat" name="right" flow="in" />
    <param type="GLfloat" name="bottom" flow="in" />
    <param type="GLfloat" name="top" flow="in" />
    <param type="GLfloat" name="zNear" flow="in" />
    <param type="GLfloat" name="zFar" flow="in" />
  </function>
  <function name="Frustumx" extension="Core" profile="" category="1.1" version="1.1">
    <returns type="void" />
    <param type="GLfixed" name="left" flow="in" />
    <param type="GLfixed" name="right" flow="in" />
    <param type="GLfixed" name="bottom" flow="in" />
    <param type="GLfixed" name="top" flow="in" />
    <param type="GLfixed" name="zNear" flow="in" />
    <param type="GLfixed" name="zFar" flow="in" />
  </function>
  <function name="GenBuffers" extension="Core" profile="" category="1.1" version="1.1">
    <returns type="void" />
    <param type="GLsizei" name="n" flow="in" />
    <param type="GLuint*" name="buffers" flow="in" />
  </function>
  <function name="GenTextures" extension="Core" profile="" category="1.1" version="1.1">
    <returns type="void" />
    <param type="GLsizei" name="n" flow="in" />
    <param type="GLuint*" name="textures" flow="in" />
  </function>
  <function name="GetBooleanv" extension="Core" profile="" category="1.1" version="1.1">
    <returns type="void" />
    <param type="GLenum" name="pname" flow="in" />
    <param type="GLboolean*" name="params" flow="in" />
  </function>
  <function name="GetBufferParameteriv" extension="Core" profile="" category="1.1" version="1.1">
    <returns type="void" />
    <param type="GLenum" name="target" flow="in" />
    <param type="GLenum" name="pname" flow="in" />
    <param type="GLint*" name="params" flow="in" />
  </function>
  <function name="GetClipPlanef" extension="Core" profile="" category="1.1" version="1.1">
    <returns type="void" />
    <param type="GLenum" name="pname" flow="in" />
    <param type="GLfloat*" name="eqn" count="4" flow="in" />
  </function>
  <function name="GetClipPlanex" extension="Core" profile="" category="1.1" version="1.1">
    <returns type="void" />
    <param type="GLenum" name="pname" flow="in" />
    <param type="GLfixed*" name="eqn" count="4" flow="in" />
  </function>
  <function name="GetError" extension="Core" profile="" category="1.1" version="1.1">
    <returns type="GLenum" />
  </function>
  <function name="GetFixedv" extension="Core" profile="" category="1.1" version="1.1">
    <returns type="void" />
    <param type="GLenum" name="pname" flow="in" />
    <param type="GLfixed*" name="params" flow="in" />
  </function>
  <function name="GetFloatv" extension="Core" profile="" category="1.1" version="1.1">
    <returns type="void" />
    <param type="GLenum" name="pname" flow="in" />
    <param type="GLfloat*" name="params" flow="in" />
  </function>
  <function name="GetIntegerv" extension="Core" profile="" category="1.1" version="1.1">
    <returns type="void" />
    <param type="GLenum" name="pname" flow="in" />
    <param type="GLint*" name="params" flow="in" />
  </function>
  <function name="GetLightfv" extension="Core" profile="" category="1.1" version="1.1">
    <returns type="void" />
    <param type="GLenum" name="light" flow="in" />
    <param type="GLenum" name="pname" flow="in" />
    <param type="GLfloat*" name="params" flow="in" />
  </function>
  <function name="GetLightxv" extension="Core" profile="" category="1.1" version="1.1">
    <returns type="void" />
    <param type="GLenum" name="light" flow="in" />
    <param type="GLenum" name="pname" flow="in" />
    <param type="GLfixed*" name="params" flow="in" />
  </function>
  <function name="GetMaterialfv" extension="Core" profile="" category="1.1" version="1.1">
    <returns type="void" />
    <param type="GLenum" name="face" flow="in" />
    <param type="GLenum" name="pname" flow="in" />
    <param type="GLfloat*" name="params" flow="in" />
  </function>
  <function name="GetMaterialxv" extension="Core" profile="" category="1.1" version="1.1">
    <returns type="void" />
    <param type="GLenum" name="face" flow="in" />
    <param type="GLenum" name="pname" flow="in" />
    <param type="GLfixed*" name="params" flow="in" />
  </function>
  <function name="GetPointerv" extension="Core" profile="" category="1.1" version="1.1">
    <returns type="void" />
    <param type="GLenum" name="pname" flow="in" />
    <param type="void**" name="params" flow="in" />
  </function>
  <function name="GetString" extension="Core" profile="" category="1.1" version="1.1">
    <returns type="GLubyte*" />
    <param type="GLenum" name="name" flow="in" />
  </function>
  <function name="GetTexEnvfv" extension="Core" profile="" category="1.1" version="1.1">
    <returns type="void" />
    <param type="GLenum" name="env" flow="in" />
    <param type="GLenum" name="pname" flow="in" />
    <param type="GLfloat*" name="params" flow="in" />
  </function>
  <function name="GetTexEnviv" extension="Core" profile="" category="1.1" version="1.1">
    <returns type="void" />
    <param type="GLenum" name="env" flow="in" />
    <param type="GLenum" name="pname" flow="in" />
    <param type="GLint*" name="params" flow="in" />
  </function>
  <function name="GetTexEnvxv" extension="Core" profile="" category="1.1" version="1.1">
    <returns type="void" />
    <param type="GLenum" name="env" flow="in" />
    <param type="GLenum" name="pname" flow="in" />
    <param type="GLfixed*" name="params" flow="in" />
  </function>
  <function name="GetTexParameterfv" extension="Core" profile="" category="1.1" version="1.1">
    <returns type="void" />
    <param type="GLenum" name="target" flow="in" />
    <param type="GLenum" name="pname" flow="in" />
    <param type="GLfloat*" name="params" flow="in" />
  </function>
  <function name="GetTexParameteriv" extension="Core" profile="" category="1.1" version="1.1">
    <returns type="void" />
    <param type="GLenum" name="target" flow="in" />
    <param type="GLenum" name="pname" flow="in" />
    <param type="GLint*" name="params" flow="in" />
  </function>
  <function name="GetTexParameterxv" extension="Core" profile="" category="1.1" version="1.1">
    <returns type="void" />
    <param type="GLenum" name="target" flow="in" />
    <param type="GLenum" name="pname" flow="in" />
    <param type="GLfixed*" name="params" flow="in" />
  </function>
  <function name="Hint" extension="Core" profile="" category="1.1" version="1.1">
    <returns type="void" />
    <param type="GLenum" name="target" flow="in" />
    <param type="GLenum" name="mode" flow="in" />
  </function>
  <function name="IsBuffer" extension="Core" profile="" category="1.1" version="1.1">
    <returns type="GLboolean" />
    <param type="GLuint" name="buffer" flow="in" />
  </function>
  <function name="IsEnabled" extension="Core" profile="" category="1.1" version="1.1">
    <returns type="GLboolean" />
    <param type="GLenum" name="cap" flow="in" />
  </function>
  <function name="IsTexture" extension="Core" profile="" category="1.1" version="1.1">
    <returns type="GLboolean" />
    <param type="GLuint" name="texture" flow="in" />
  </function>
  <function name="Lightf" extension="Core" profile="" category="1.1" version="1.1">
    <returns type="void" />
    <param type="GLenum" name="light" flow="in" />
    <param type="GLenum" name="pname" flow="in" />
    <param type="GLfloat" name="param" flow="in" />
  </function>
  <function name="Lightfv" extension="Core" profile="" category="1.1" version="1.1">
    <returns type="void" />
    <param type="GLenum" name="light" flow="in" />
    <param type="GLenum" name="pname" flow="in" />
    <param type="GLfloat*" name="params" flow="in" />
  </function>
  <function name="LightModelf" extension="Core" profile="" category="1.1" version="1.1">
    <returns type="void" />
    <param type="GLenum" name="pname" flow="in" />
    <param type="GLfloat" name="param" flow="in" />
  </function>
  <function name="LightModelfv" extension="Core" profile="" category="1.1" version="1.1">
    <returns type="void" />
    <param type="GLenum" name="pname" flow="in" />
    <param type="GLfloat*" name="params" flow="in" />
  </function>
  <function name="LightModelx" extension="Core" profile="" category="1.1" version="1.1">
    <returns type="void" />
    <param type="GLenum" name="pname" flow="in" />
    <param type="GLfixed" name="param" flow="in" />
  </function>
  <function name="LightModelxv" extension="Core" profile="" category="1.1" version="1.1">
    <returns type="void" />
    <param type="GLenum" name="pname" flow="in" />
    <param type="GLfixed*" name="params" flow="in" />
  </function>
  <function name="Lightx" extension="Core" profile="" category="1.1" version="1.1">
    <returns type="void" />
    <param type="GLenum" name="light" flow="in" />
    <param type="GLenum" name="pname" flow="in" />
    <param type="GLfixed" name="param" flow="in" />
  </function>
  <function name="Lightxv" extension="Core" profile="" category="1.1" version="1.1">
    <returns type="void" />
    <param type="GLenum" name="light" flow="in" />
    <param type="GLenum" name="pname" flow="in" />
    <param type="GLfixed*" name="params" flow="in" />
  </function>
  <function name="LineWidth" extension="Core" profile="" category="1.1" version="1.1">
    <returns type="void" />
    <param type="GLfloat" name="width" flow="in" />
  </function>
  <function name="LineWidthx" extension="Core" profile="" category="1.1" version="1.1">
    <returns type="void" />
    <param type="GLfixed" name="width" flow="in" />
  </function>
  <function name="LoadIdentity" extension="Core" profile="" category="1.1" version="1.1">
    <returns type="void" />
  </function>
  <function name="LoadMatrixf" extension="Core" profile="" category="1.1" version="1.1">
    <returns type="void" />
    <param type="GLfloat*" name="m" flow="in" />
  </function>
  <function name="LoadMatrixx" extension="Core" profile="" category="1.1" version="1.1">
    <returns type="void" />
    <param type="GLfixed*" name="m" flow="in" />
  </function>
  <function name="LogicOp" extension="Core" profile="" category="1.1" version="1.1">
    <returns type="void" />
    <param type="GLenum" name="opcode" flow="in" />
  </function>
  <function name="Materialf" extension="Core" profile="" category="1.1" version="1.1">
    <returns type="void" />
    <param type="GLenum" name="face" flow="in" />
    <param type="GLenum" name="pname" flow="in" />
    <param type="GLfloat" name="param" flow="in" />
  </function>
  <function name="Materialfv" extension="Core" profile="" category="1.1" version="1.1">
    <returns type="void" />
    <param type="GLenum" name="face" flow="in" />
    <param type="GLenum" name="pname" flow="in" />
    <param type="GLfloat*" name="params" flow="in" />
  </function>
  <function name="Materialx" extension="Core" profile="" category="1.1" version="1.1">
    <returns type="void" />
    <param type="GLenum" name="face" flow="in" />
    <param type="GLenum" name="pname" flow="in" />
    <param type="GLfixed" name="param" flow="in" />
  </function>
  <function name="Materialxv" extension="Core" profile="" category="1.1" version="1.1">
    <returns type="void" />
    <param type="GLenum" name="face" flow="in" />
    <param type="GLenum" name="pname" flow="in" />
    <param type="GLfixed*" name="params" flow="in" />
  </function>
  <function name="MatrixMode" extension="Core" profile="" category="1.1" version="1.1">
    <returns type="void" />
    <param type="GLenum" name="mode" flow="in" />
  </function>
  <function name="MultiTexCoord4f" extension="Core" profile="" category="1.1" version="1.1">
    <returns type="void" />
    <param type="GLenum" name="target" flow="in" />
    <param type="GLfloat" name="s" flow="in" />
    <param type="GLfloat" name="t" flow="in" />
    <param type="GLfloat" name="r" flow="in" />
    <param type="GLfloat" name="q" flow="in" />
  </function>
  <function name="MultiTexCoord4x" extension="Core" profile="" category="1.1" version="1.1">
    <returns type="void" />
    <param type="GLenum" name="target" flow="in" />
    <param type="GLfixed" name="s" flow="in" />
    <param type="GLfixed" name="t" flow="in" />
    <param type="GLfixed" name="r" flow="in" />
    <param type="GLfixed" name="q" flow="in" />
  </function>
  <function name="MultMatrixf" extension="Core" profile="" category="1.1" version="1.1">
    <returns type="void" />
    <param type="GLfloat*" name="m" flow="in" />
  </function>
  <function name="MultMatrixx" extension="Core" profile="" category="1.1" version="1.1">
    <returns type="void" />
    <param type="GLfixed*" name="m" flow="in" />
  </function>
  <function name="Normal3f" extension="Core" profile="" category="1.1" version="1.1">
    <returns type="void" />
    <param type="GLfloat" name="nx" flow="in" />
    <param type="GLfloat" name="ny" flow="in" />
    <param type="GLfloat" name="nz" flow="in" />
  </function>
  <function name="Normal3x" extension="Core" profile="" category="1.1" version="1.1">
    <returns type="void" />
    <param type="GLfixed" name="nx" flow="in" />
    <param type="GLfixed" name="ny" flow="in" />
    <param type="GLfixed" name="nz" flow="in" />
  </function>
  <function name="NormalPointer" extension="Core" profile="" category="1.1" version="1.1">
    <returns type="void" />
    <param type="GLenum" name="type" flow="in" />
    <param type="GLsizei" name="stride" flow="in" />
    <param type="GLvoid*" name="pointer" flow="in" />
  </function>
  <function name="Orthof" extension="Core" profile="" category="1.1" version="1.1">
    <returns type="void" />
    <param type="GLfloat" name="left" flow="in" />
    <param type="GLfloat" name="right" flow="in" />
    <param type="GLfloat" name="bottom" flow="in" />
    <param type="GLfloat" name="top" flow="in" />
    <param type="GLfloat" name="zNear" flow="in" />
    <param type="GLfloat" name="zFar" flow="in" />
  </function>
  <function name="Orthox" extension="Core" profile="" category="1.1" version="1.1">
    <returns type="void" />
    <param type="GLfixed" name="left" flow="in" />
    <param type="GLfixed" name="right" flow="in" />
    <param type="GLfixed" name="bottom" flow="in" />
    <param type="GLfixed" name="top" flow="in" />
    <param type="GLfixed" name="zNear" flow="in" />
    <param type="GLfixed" name="zFar" flow="in" />
  </function>
  <function name="PixelStorei" extension="Core" profile="" category="1.1" version="1.1">
    <returns type="void" />
    <param type="GLenum" name="pname" flow="in" />
    <param type="GLint" name="param" flow="in" />
  </function>
  <function name="PointParameterf" extension="Core" profile="" category="1.1" version="1.1">
    <returns type="void" />
    <param type="GLenum" name="pname" flow="in" />
    <param type="GLfloat" name="param" flow="in" />
  </function>
  <function name="PointParameterfv" extension="Core" profile="" category="1.1" version="1.1">
    <returns type="void" />
    <param type="GLenum" name="pname" flow="in" />
    <param type="GLfloat*" name="params" flow="in" />
  </function>
  <function name="PointParameterx" extension="Core" profile="" category="1.1" version="1.1">
    <returns type="void" />
    <param type="GLenum" name="pname" flow="in" />
    <param type="GLfixed" name="param" flow="in" />
  </function>
  <function name="PointParameterxv" extension="Core" profile="" category="1.1" version="1.1">
    <returns type="void" />
    <param type="GLenum" name="pname" flow="in" />
    <param type="GLfixed*" name="params" flow="in" />
  </function>
  <function name="PointSize" extension="Core" profile="" category="1.1" version="1.1">
    <returns type="void" />
    <param type="GLfloat" name="size" flow="in" />
  </function>
  <function name="PointSizex" extension="Core" profile="" category="1.1" version="1.1">
    <returns type="void" />
    <param type="GLfixed" name="size" flow="in" />
  </function>
  <function name="PolygonOffset" extension="Core" profile="" category="1.1" version="1.1">
    <returns type="void" />
    <param type="GLfloat" name="factor" flow="in" />
    <param type="GLfloat" name="units" flow="in" />
  </function>
  <function name="PolygonOffsetx" extension="Core" profile="" category="1.1" version="1.1">
    <returns type="void" />
    <param type="GLfixed" name="factor" flow="in" />
    <param type="GLfixed" name="units" flow="in" />
  </function>
  <function name="PopMatrix" extension="Core" profile="" category="1.1" version="1.1">
    <returns type="void" />
  </function>
  <function name="PushMatrix" extension="Core" profile="" category="1.1" version="1.1">
    <returns type="void" />
  </function>
  <function name="ReadPixels" extension="Core" profile="" category="1.1" version="1.1">
    <returns type="void" />
    <param type="GLint" name="x" flow="in" />
    <param type="GLint" name="y" flow="in" />
    <param type="GLsizei" name="width" flow="in" />
    <param type="GLsizei" name="height" flow="in" />
    <param type="GLenum" name="format" flow="in" />
    <param type="GLenum" name="type" flow="in" />
    <param type="GLvoid*" name="pixels" flow="in" />
  </function>
  <function name="Rotatef" extension="Core" profile="" category="1.1" version="1.1">
    <returns type="void" />
    <param type="GLfloat" name="angle" flow="in" />
    <param type="GLfloat" name="x" flow="in" />
    <param type="GLfloat" name="y" flow="in" />
    <param type="GLfloat" name="z" flow="in" />
  </function>
  <function name="Rotatex" extension="Core" profile="" category="1.1" version="1.1">
    <returns type="void" />
    <param type="GLfixed" name="angle" flow="in" />
    <param type="GLfixed" name="x" flow="in" />
    <param type="GLfixed" name="y" flow="in" />
    <param type="GLfixed" name="z" flow="in" />
  </function>
  <function name="SampleCoverage" extension="Core" profile="" category="1.1" version="1.1">
    <returns type="void" />
    <param type="GLclampf" name="value" flow="in" />
    <param type="GLboolean" name="invert" flow="in" />
  </function>
  <function name="SampleCoveragex" extension="Core" profile="" category="1.1" version="1.1">
    <returns type="void" />
    <param type="GLclampx" name="value" flow="in" />
    <param type="GLboolean" name="invert" flow="in" />
  </function>
  <function name="Scalef" extension="Core" profile="" category="1.1" version="1.1">
    <returns type="void" />
    <param type="GLfloat" name="x" flow="in" />
    <param type="GLfloat" name="y" flow="in" />
    <param type="GLfloat" name="z" flow="in" />
  </function>
  <function name="Scalex" extension="Core" profile="" category="1.1" version="1.1">
    <returns type="void" />
    <param type="GLfixed" name="x" flow="in" />
    <param type="GLfixed" name="y" flow="in" />
    <param type="GLfixed" name="z" flow="in" />
  </function>
  <function name="Scissor" extension="Core" profile="" category="1.1" version="1.1">
    <returns type="void" />
    <param type="GLint" name="x" flow="in" />
    <param type="GLint" name="y" flow="in" />
    <param type="GLsizei" name="width" flow="in" />
    <param type="GLsizei" name="height" flow="in" />
  </function>
  <function name="ShadeModel" extension="Core" profile="" category="1.1" version="1.1">
    <returns type="void" />
    <param type="GLenum" name="mode" flow="in" />
  </function>
  <function name="StencilFunc" extension="Core" profile="" category="1.1" version="1.1">
    <returns type="void" />
    <param type="GLenum" name="func" flow="in" />
    <param type="GLint" name="ref" flow="in" />
    <param type="GLuint" name="mask" flow="in" />
  </function>
  <function name="StencilMask" extension="Core" profile="" category="1.1" version="1.1">
    <returns type="void" />
    <param type="GLuint" name="mask" flow="in" />
  </function>
  <function name="StencilOp" extension="Core" profile="" category="1.1" version="1.1">
    <returns type="void" />
    <param type="GLenum" name="fail" flow="in" />
    <param type="GLenum" name="zfail" flow="in" />
    <param type="GLenum" name="zpass" flow="in" />
  </function>
  <function name="TexCoordPointer" extension="Core" profile="" category="1.1" version="1.1">
    <returns type="void" />
    <param type="GLint" name="size" flow="in" />
    <param type="GLenum" name="type" flow="in" />
    <param type="GLsizei" name="stride" flow="in" />
    <param type="GLvoid*" name="pointer" flow="in" />
  </function>
  <function name="TexEnvf" extension="Core" profile="" category="1.1" version="1.1">
    <returns type="void" />
    <param type="GLenum" name="target" flow="in" />
    <param type="GLenum" name="pname" flow="in" />
    <param type="GLfloat" name="param" flow="in" />
  </function>
  <function name="TexEnvfv" extension="Core" profile="" category="1.1" version="1.1">
    <returns type="void" />
    <param type="GLenum" name="target" flow="in" />
    <param type="GLenum" name="pname" flow="in" />
    <param type="GLfloat*" name="params" flow="in" />
  </function>
  <function name="TexEnvi" extension="Core" profile="" category="1.1" version="1.1">
    <returns type="void" />
    <param type="GLenum" name="target" flow="in" />
    <param type="GLenum" name="pname" flow="in" />
    <param type="GLint" name="param" flow="in" />
  </function>
  <function name="TexEnviv" extension="Core" profile="" category="1.1" version="1.1">
    <returns type="void" />
    <param type="GLenum" name="target" flow="in" />
    <param type="GLenum" name="pname" flow="in" />
    <param type="GLint*" name="params" flow="in" />
  </function>
  <function name="TexEnvx" extension="Core" profile="" category="1.1" version="1.1">
    <returns type="void" />
    <param type="GLenum" name="target" flow="in" />
    <param type="GLenum" name="pname" flow="in" />
    <param type="GLfixed" name="param" flow="in" />
  </function>
  <function name="TexEnvxv" extension="Core" profile="" category="1.1" version="1.1">
    <returns type="void" />
    <param type="GLenum" name="target" flow="in" />
    <param type="GLenum" name="pname" flow="in" />
    <param type="GLfixed*" name="params" flow="in" />
  </function>
  <function name="TexImage2D" extension="Core" profile="" category="1.1" version="1.1">
    <returns type="void" />
    <param type="GLenum" name="target" flow="in" />
    <param type="GLint" name="level" flow="in" />
    <param type="GLint" name="internalformat" flow="in" />
    <param type="GLsizei" name="width" flow="in" />
    <param type="GLsizei" name="height" flow="in" />
    <param type="GLint" name="border" flow="in" />
    <param type="GLenum" name="format" flow="in" />
    <param type="GLenum" name="type" flow="in" />
    <param type="GLvoid*" name="pixels" flow="in" />
  </function>
  <function name="TexParameterf" extension="Core" profile="" category="1.1" version="1.1">
    <returns type="void" />
    <param type="GLenum" name="target" flow="in" />
    <param type="GLenum" name="pname" flow="in" />
    <param type="GLfloat" name="param" flow="in" />
  </function>
  <function name="TexParameterfv" extension="Core" profile="" category="1.1" version="1.1">
    <returns type="void" />
    <param type="GLenum" name="target" flow="in" />
    <param type="GLenum" name="pname" flow="in" />
    <param type="GLfloat*" name="params" flow="in" />
  </function>
  <function name="TexParameteri" extension="Core" profile="" category="1.1" version="1.1">
    <returns type="void" />
    <param type="GLenum" name="target" flow="in" />
    <param type="GLenum" name="pname" flow="in" />
    <param type="GLint" name="param" flow="in" />
  </function>
  <function name="TexParameteriv" extension="Core" profile="" category="1.1" version="1.1">
    <returns type="void" />
    <param type="GLenum" name="target" flow="in" />
    <param type="GLenum" name="pname" flow="in" />
    <param type="GLint*" name="params" flow="in" />
  </function>
  <function name="TexParameterx" extension="Core" profile="" category="1.1" version="1.1">
    <returns type="void" />
    <param type="GLenum" name="target" flow="in" />
    <param type="GLenum" name="pname" flow="in" />
    <param type="GLfixed" name="param" flow="in" />
  </function>
  <function name="TexParameterxv" extension="Core" profile="" category="1.1" version="1.1">
    <returns type="void" />
    <param type="GLenum" name="target" flow="in" />
    <param type="GLenum" name="pname" flow="in" />
    <param type="GLfixed*" name="params" flow="in" />
  </function>
  <function name="TexSubImage2D" extension="Core" profile="" category="1.1" version="1.1">
    <returns type="void" />
    <param type="GLenum" name="target" flow="in" />
    <param type="GLint" name="level" flow="in" />
    <param type="GLint" name="xoffset" flow="in" />
    <param type="GLint" name="yoffset" flow="in" />
    <param type="GLsizei" name="width" flow="in" />
    <param type="GLsizei" name="height" flow="in" />
    <param type="GLenum" name="format" flow="in" />
    <param type="GLenum" name="type" flow="in" />
    <param type="GLvoid*" name="pixels" flow="in" />
  </function>
  <function name="Translatef" extension="Core" profile="" category="1.1" version="1.1">
    <returns type="void" />
    <param type="GLfloat" name="x" flow="in" />
    <param type="GLfloat" name="y" flow="in" />
    <param type="GLfloat" name="z" flow="in" />
  </function>
  <function name="Translatex" extension="Core" profile="" category="1.1" version="1.1">
    <returns type="void" />
    <param type="GLfixed" name="x" flow="in" />
    <param type="GLfixed" name="y" flow="in" />
    <param type="GLfixed" name="z" flow="in" />
  </function>
  <function name="VertexPointer" extension="Core" profile="" category="1.1" version="1.1">
    <returns type="void" />
    <param type="GLint" name="size" flow="in" />
    <param type="GLenum" name="type" flow="in" />
    <param type="GLsizei" name="stride" flow="in" />
    <param type="GLvoid*" name="pointer" flow="in" />
  </function>
  <function name="Viewport" extension="Core" profile="" category="1.1" version="1.1">
    <returns type="void" />
    <param type="GLint" name="x" flow="in" />
    <param type="GLint" name="y" flow="in" />
    <param type="GLsizei" name="width" flow="in" />
    <param type="GLsizei" name="height" flow="in" />
  </function>
  <function name="DeleteFencesNV" extension="NV" profile="" category="1.1" version="1.1">
    <returns type="void" />
    <param type="GLsizei" name="n" flow="in" />
    <param type="GLuint*" name="fences" flow="in" />
  </function>
  <function name="FinishFenceNV" extension="NV" profile="" category="1.1" version="1.1">
    <returns type="void" />
    <param type="GLuint" name="fence" flow="in" />
  </function>
  <function name="GenFencesNV" extension="NV" profile="" category="1.1" version="1.1">
    <returns type="void" />
    <param type="GLsizei" name="n" flow="in" />
    <param type="GLuint*" name="fences" flow="in" />
  </function>
  <function name="GetFenceivNV" extension="NV" profile="" category="1.1" version="1.1">
    <returns type="void" />
    <param type="GLuint" name="fence" flow="in" />
    <param type="GLenum" name="pname" flow="in" />
    <param type="GLint*" name="params" flow="in" />
  </function>
  <function name="IsFenceNV" extension="NV" profile="" category="1.1" version="1.1">
    <returns type="GLboolean" />
    <param type="GLuint" name="fence" flow="in" />
  </function>
  <function name="SetFenceNV" extension="NV" profile="" category="1.1" version="1.1">
    <returns type="void" />
    <param type="GLuint" name="fence" flow="in" />
    <param type="GLenum" name="condition" flow="in" />
  </function>
  <function name="TestFenceNV" extension="NV" profile="" category="1.1" version="1.1">
    <returns type="GLboolean" />
    <param type="GLuint" name="fence" flow="in" />
  </function>
  <function name="AlphaFuncxOES" extension="OES" profile="" category="1.1" version="1.1">
    <returns type="void" />
    <param type="GLenum" name="func" flow="in" />
    <param type="GLclampx" name="ref" flow="in" />
  </function>
  <function name="BindFramebufferOES" extension="OES" profile="" category="1.1" version="1.1">
    <returns type="void" />
    <param type="GLenum" name="target" flow="in" />
    <param type="GLuint" name="framebuffer" flow="in" />
  </function>
  <function name="BindRenderbufferOES" extension="OES" profile="" category="1.1" version="1.1">
    <returns type="void" />
    <param type="GLenum" name="target" flow="in" />
    <param type="GLuint" name="renderbuffer" flow="in" />
  </function>
  <function name="BlendEquationOES" extension="OES" profile="" category="1.1" version="1.1">
    <returns type="void" />
    <param type="GLenum" name="mode" flow="in" />
  </function>
  <function name="BlendEquationSeparateOES" extension="OES" profile="" category="1.1" version="1.1">
    <returns type="void" />
    <param type="GLenum" name="modeRGB" flow="in" />
    <param type="GLenum" name="modeAlpha" flow="in" />
  </function>
  <function name="BlendFuncSeparateOES" extension="OES" profile="" category="1.1" version="1.1">
    <returns type="void" />
    <param type="GLenum" name="srcRGB" flow="in" />
    <param type="GLenum" name="dstRGB" flow="in" />
    <param type="GLenum" name="srcAlpha" flow="in" />
    <param type="GLenum" name="dstAlpha" flow="in" />
  </function>
  <function name="CheckFramebufferStatusOES" extension="OES" profile="" category="1.1" version="1.1">
    <returns type="GLenum" />
    <param type="GLenum" name="target" flow="in" />
  </function>
  <function name="ClearColorxOES" extension="OES" profile="" category="1.1" version="1.1">
    <returns type="void" />
    <param type="GLclampx" name="red" flow="in" />
    <param type="GLclampx" name="green" flow="in" />
    <param type="GLclampx" name="blue" flow="in" />
    <param type="GLclampx" name="alpha" flow="in" />
  </function>
  <function name="ClearDepthfOES" extension="OES" profile="" category="1.1" version="1.1">
    <returns type="void" />
    <param type="GLclampf" name="depth" flow="in" />
  </function>
  <function name="ClearDepthxOES" extension="OES" profile="" category="1.1" version="1.1">
    <returns type="void" />
    <param type="GLclampx" name="depth" flow="in" />
  </function>
  <function name="ClipPlanefOES" extension="OES" profile="" category="1.1" version="1.1">
    <returns type="void" />
    <param type="GLenum" name="plane" flow="in" />
    <param type="GLfloat*" name="equation" flow="in" />
  </function>
  <function name="ClipPlanexOES" extension="OES" profile="" category="1.1" version="1.1">
    <returns type="void" />
    <param type="GLenum" name="plane" flow="in" />
    <param type="GLfixed*" name="equation" flow="in" />
  </function>
  <function name="Color4xOES" extension="OES" profile="" category="1.1" version="1.1">
    <returns type="void" />
    <param type="GLfixed" name="red" flow="in" />
    <param type="GLfixed" name="green" flow="in" />
    <param type="GLfixed" name="blue" flow="in" />
    <param type="GLfixed" name="alpha" flow="in" />
  </function>
  <function name="CurrentPaletteMatrixOES" extension="OES" profile="" category="1.1" version="1.1">
    <returns type="void" />
    <param type="GLuint" name="matrixpaletteindex" flow="in" />
  </function>
  <function name="DeleteFramebuffersOES" extension="OES" profile="" category="1.1" version="1.1">
    <returns type="void" />
    <param type="GLsizei" name="n" flow="in" />
    <param type="GLuint*" name="framebuffers" flow="in" />
  </function>
  <function name="DeleteRenderbuffersOES" extension="OES" profile="" category="1.1" version="1.1">
    <returns type="void" />
    <param type="GLsizei" name="n" flow="in" />
    <param type="GLuint*" name="renderbuffers" flow="in" />
  </function>
  <function name="DepthRangefOES" extension="OES" profile="" category="1.1" version="1.1">
    <returns type="void" />
    <param type="GLclampf" name="zNear" flow="in" />
    <param type="GLclampf" name="zFar" flow="in" />
  </function>
  <function name="DepthRangexOES" extension="OES" profile="" category="1.1" version="1.1">
    <returns type="void" />
    <param type="GLclampx" name="zNear" flow="in" />
    <param type="GLclampx" name="zFar" flow="in" />
  </function>
  <function name="DrawTexfOES" extension="OES" profile="" category="1.1" version="1.1">
    <returns type="void" />
    <param type="GLfloat" name="x" flow="in" />
    <param type="GLfloat" name="y" flow="in" />
    <param type="GLfloat" name="z" flow="in" />
    <param type="GLfloat" name="width" flow="in" />
    <param type="GLfloat" name="height" flow="in" />
  </function>
  <function name="DrawTexfvOES" extension="OES" profile="" category="1.1" version="1.1">
    <returns type="void" />
    <param type="GLfloat*" name="coords" flow="in" />
  </function>
  <function name="DrawTexiOES" extension="OES" profile="" category="1.1" version="1.1">
    <returns type="void" />
    <param type="GLint" name="x" flow="in" />
    <param type="GLint" name="y" flow="in" />
    <param type="GLint" name="z" flow="in" />
    <param type="GLint" name="width" flow="in" />
    <param type="GLint" name="height" flow="in" />
  </function>
  <function name="DrawTexivOES" extension="OES" profile="" category="1.1" version="1.1">
    <returns type="void" />
    <param type="GLint*" name="coords" flow="in" />
  </function>
  <function name="DrawTexsOES" extension="OES" profile="" category="1.1" version="1.1">
    <returns type="void" />
    <param type="GLshort" name="x" flow="in" />
    <param type="GLshort" name="y" flow="in" />
    <param type="GLshort" name="z" flow="in" />
    <param type="GLshort" name="width" flow="in" />
    <param type="GLshort" name="height" flow="in" />
  </function>
  <function name="DrawTexsvOES" extension="OES" profile="" category="1.1" version="1.1">
    <returns type="void" />
    <param type="GLshort*" name="coords" flow="in" />
  </function>
  <function name="DrawTexxOES" extension="OES" profile="" category="1.1" version="1.1">
    <returns type="void" />
    <param type="GLfixed" name="x" flow="in" />
    <param type="GLfixed" name="y" flow="in" />
    <param type="GLfixed" name="z" flow="in" />
    <param type="GLfixed" name="width" flow="in" />
    <param type="GLfixed" name="height" flow="in" />
  </function>
  <function name="DrawTexxvOES" extension="OES" profile="" category="1.1" version="1.1">
    <returns type="void" />
    <param type="GLfixed*" name="coords" flow="in" />
  </function>
  <function name="EGLImageTargetRenderbufferStorageOES" extension="OES" profile="" category="1.1" version="1.1">
    <returns type="void" />
    <param type="GLenum" name="target" flow="in" />
    <param type="GLeglImageOES" name="image" flow="in" />
  </function>
  <function name="EGLImageTargetTexture2DOES" extension="OES" profile="" category="1.1" version="1.1">
    <returns type="void" />
    <param type="GLenum" name="target" flow="in" />
    <param type="GLeglImageOES" name="image" flow="in" />
  </function>
  <function name="FogxOES" extension="OES" profile="" category="1.1" version="1.1">
    <returns type="void" />
    <param type="GLenum" name="pname" flow="in" />
    <param type="GLfixed" name="param" flow="in" />
  </function>
  <function name="FogxvOES" extension="OES" profile="" category="1.1" version="1.1">
    <returns type="void" />
    <param type="GLenum" name="pname" flow="in" />
    <param type="GLfixed*" name="params" flow="in" />
  </function>
  <function name="FramebufferRenderbufferOES" extension="OES" profile="" category="1.1" version="1.1">
    <returns type="void" />
    <param type="GLenum" name="target" flow="in" />
    <param type="GLenum" name="attachment" flow="in" />
    <param type="GLenum" name="renderbuffertarget" flow="in" />
    <param type="GLuint" name="renderbuffer" flow="in" />
  </function>
  <function name="FramebufferTexture2DOES" extension="OES" profile="" category="1.1" version="1.1">
    <returns type="void" />
    <param type="GLenum" name="target" flow="in" />
    <param type="GLenum" name="attachment" flow="in" />
    <param type="GLenum" name="textarget" flow="in" />
    <param type="GLuint" name="texture" flow="in" />
    <param type="GLint" name="level" flow="in" />
  </function>
  <function name="FrustumfOES" extension="OES" profile="" category="1.1" version="1.1">
    <returns type="void" />
    <param type="GLfloat" name="left" flow="in" />
    <param type="GLfloat" name="right" flow="in" />
    <param type="GLfloat" name="bottom" flow="in" />
    <param type="GLfloat" name="top" flow="in" />
    <param type="GLfloat" name="zNear" flow="in" />
    <param type="GLfloat" name="zFar" flow="in" />
  </function>
  <function name="FrustumxOES" extension="OES" profile="" category="1.1" version="1.1">
    <returns type="void" />
    <param type="GLfixed" name="left" flow="in" />
    <param type="GLfixed" name="right" flow="in" />
    <param type="GLfixed" name="bottom" flow="in" />
    <param type="GLfixed" name="top" flow="in" />
    <param type="GLfixed" name="zNear" flow="in" />
    <param type="GLfixed" name="zFar" flow="in" />
  </function>
  <function name="GenerateMipmapOES" extension="OES" profile="" category="1.1" version="1.1">
    <returns type="void" />
    <param type="GLenum" name="target" flow="in" />
  </function>
  <function name="GenFramebuffersOES" extension="OES" profile="" category="1.1" version="1.1">
    <returns type="void" />
    <param type="GLsizei" name="n" flow="in" />
    <param type="GLuint*" name="framebuffers" flow="in" />
  </function>
  <function name="GenRenderbuffersOES" extension="OES" profile="" category="1.1" version="1.1">
    <returns type="void" />
    <param type="GLsizei" name="n" flow="in" />
    <param type="GLuint*" name="renderbuffers" flow="in" />
  </function>
  <function name="GetBufferPointervOES" extension="OES" profile="" category="1.1" version="1.1">
    <returns type="void" />
    <param type="GLenum" name="target" flow="in" />
    <param type="GLenum" name="pname" flow="in" />
    <param type="void**" name="params" flow="in" />
  </function>
  <function name="GetClipPlanefOES" extension="OES" profile="" category="1.1" version="1.1">
    <returns type="void" />
    <param type="GLenum" name="pname" flow="in" />
    <param type="GLfloat*" name="eqn" count="4" flow="in" />
  </function>
  <function name="GetClipPlanexOES" extension="OES" profile="" category="1.1" version="1.1">
    <returns type="void" />
    <param type="GLenum" name="pname" flow="in" />
    <param type="GLfixed*" name="eqn" count="4" flow="in" />
  </function>
  <function name="GetFixedvOES" extension="OES" profile="" category="1.1" version="1.1">
    <returns type="void" />
    <param type="GLenum" name="pname" flow="in" />
    <param type="GLfixed*" name="params" flow="in" />
  </function>
  <function name="GetFramebufferAttachmentParameterivOES" extension="OES" profile="" category="1.1" version="1.1">
    <returns type="void" />
    <param type="GLenum" name="target" flow="in" />
    <param type="GLenum" name="attachment" flow="in" />
    <param type="GLenum" name="pname" flow="in" />
    <param type="GLint*" name="params" flow="in" />
  </function>
  <function name="GetLightxvOES" extension="OES" profile="" category="1.1" version="1.1">
    <returns type="void" />
    <param type="GLenum" name="light" flow="in" />
    <param type="GLenum" name="pname" flow="in" />
    <param type="GLfixed*" name="params" flow="in" />
  </function>
  <function name="GetMaterialxvOES" extension="OES" profile="" category="1.1" version="1.1">
    <returns type="void" />
    <param type="GLenum" name="face" flow="in" />
    <param type="GLenum" name="pname" flow="in" />
    <param type="GLfixed*" name="params" flow="in" />
  </function>
  <function name="GetRenderbufferParameterivOES" extension="OES" profile="" category="1.1" version="1.1">
    <returns type="void" />
    <param type="GLenum" name="target" flow="in" />
    <param type="GLenum" name="pname" flow="in" />
    <param type="GLint*" name="params" flow="in" />
  </function>
  <function name="GetTexEnvxvOES" extension="OES" profile="" category="1.1" version="1.1">
    <returns type="void" />
    <param type="GLenum" name="env" flow="in" />
    <param type="GLenum" name="pname" flow="in" />
    <param type="GLfixed*" name="params" flow="in" />
  </function>
  <function name="GetTexGenfvOES" extension="OES" profile="" category="1.1" version="1.1">
    <returns type="void" />
    <param type="GLenum" name="coord" flow="in" />
    <param type="GLenum" name="pname" flow="in" />
    <param type="GLfloat*" name="params" flow="in" />
  </function>
  <function name="GetTexGenivOES" extension="OES" profile="" category="1.1" version="1.1">
    <returns type="void" />
    <param type="GLenum" name="coord" flow="in" />
    <param type="GLenum" name="pname" flow="in" />
    <param type="GLint*" name="params" flow="in" />
  </function>
  <function name="GetTexGenxvOES" extension="OES" profile="" category="1.1" version="1.1">
    <returns type="void" />
    <param type="GLenum" name="coord" flow="in" />
    <param type="GLenum" name="pname" flow="in" />
    <param type="GLfixed*" name="params" flow="in" />
  </function>
  <function name="GetTexParameterxvOES" extension="OES" profile="" category="1.1" version="1.1">
    <returns type="void" />
    <param type="GLenum" name="target" flow="in" />
    <param type="GLenum" name="pname" flow="in" />
    <param type="GLfixed*" name="params" flow="in" />
  </function>
  <function name="IsFramebufferOES" extension="OES" profile="" category="1.1" version="1.1">
    <returns type="GLboolean" />
    <param type="GLuint" name="framebuffer" flow="in" />
  </function>
  <function name="IsRenderbufferOES" extension="OES" profile="" category="1.1" version="1.1">
    <returns type="GLboolean" />
    <param type="GLuint" name="renderbuffer" flow="in" />
  </function>
  <function name="LightModelxOES" extension="OES" profile="" category="1.1" version="1.1">
    <returns type="void" />
    <param type="GLenum" name="pname" flow="in" />
    <param type="GLfixed" name="param" flow="in" />
  </function>
  <function name="LightModelxvOES" extension="OES" profile="" category="1.1" version="1.1">
    <returns type="void" />
    <param type="GLenum" name="pname" flow="in" />
    <param type="GLfixed*" name="params" flow="in" />
  </function>
  <function name="LightxOES" extension="OES" profile="" category="1.1" version="1.1">
    <returns type="void" />
    <param type="GLenum" name="light" flow="in" />
    <param type="GLenum" name="pname" flow="in" />
    <param type="GLfixed" name="param" flow="in" />
  </function>
  <function name="LightxvOES" extension="OES" profile="" category="1.1" version="1.1">
    <returns type="void" />
    <param type="GLenum" name="light" flow="in" />
    <param type="GLenum" name="pname" flow="in" />
    <param type="GLfixed*" name="params" flow="in" />
  </function>
  <function name="LineWidthxOES" extension="OES" profile="" category="1.1" version="1.1">
    <returns type="void" />
    <param type="GLfixed" name="width" flow="in" />
  </function>
  <function name="LoadMatrixxOES" extension="OES" profile="" category="1.1" version="1.1">
    <returns type="void" />
    <param type="GLfixed*" name="m" flow="in" />
  </function>
  <function name="LoadPaletteFromModelViewMatrixOES" extension="OES" profile="" category="1.1" version="1.1">
    <returns type="void" />
  </function>
  <function name="MapBufferOES" extension="OES" profile="" category="1.1" version="1.1">
    <returns type="void*" />
    <param type="GLenum" name="target" flow="in" />
    <param type="GLenum" name="access" flow="in" />
  </function>
  <function name="MaterialxOES" extension="OES" profile="" category="1.1" version="1.1">
    <returns type="void" />
    <param type="GLenum" name="face" flow="in" />
    <param type="GLenum" name="pname" flow="in" />
    <param type="GLfixed" name="param" flow="in" />
  </function>
  <function name="MaterialxvOES" extension="OES" profile="" category="1.1" version="1.1">
    <returns type="void" />
    <param type="GLenum" name="face" flow="in" />
    <param type="GLenum" name="pname" flow="in" />
    <param type="GLfixed*" name="params" flow="in" />
  </function>
  <function name="MatrixIndexPointerOES" extension="OES" profile="" category="1.1" version="1.1">
    <returns type="void" />
    <param type="GLint" name="size" flow="in" />
    <param type="GLenum" name="type" flow="in" />
    <param type="GLsizei" name="stride" flow="in" />
    <param type="GLvoid*" name="pointer" flow="in" />
  </function>
  <function name="MultiTexCoord4xOES" extension="OES" profile="" category="1.1" version="1.1">
    <returns type="void" />
    <param type="GLenum" name="target" flow="in" />
    <param type="GLfixed" name="s" flow="in" />
    <param type="GLfixed" name="t" flow="in" />
    <param type="GLfixed" name="r" flow="in" />
    <param type="GLfixed" name="q" flow="in" />
  </function>
  <function name="MultMatrixxOES" extension="OES" profile="" category="1.1" version="1.1">
    <returns type="void" />
    <param type="GLfixed*" name="m" flow="in" />
  </function>
  <function name="Normal3xOES" extension="OES" profile="" category="1.1" version="1.1">
    <returns type="void" />
    <param type="GLfixed" name="nx" flow="in" />
    <param type="GLfixed" name="ny" flow="in" />
    <param type="GLfixed" name="nz" flow="in" />
  </function>
  <function name="OrthofOES" extension="OES" profile="" category="1.1" version="1.1">
    <returns type="void" />
    <param type="GLfloat" name="left" flow="in" />
    <param type="GLfloat" name="right" flow="in" />
    <param type="GLfloat" name="bottom" flow="in" />
    <param type="GLfloat" name="top" flow="in" />
    <param type="GLfloat" name="zNear" flow="in" />
    <param type="GLfloat" name="zFar" flow="in" />
  </function>
  <function name="OrthoxOES" extension="OES" profile="" category="1.1" version="1.1">
    <returns type="void" />
    <param type="GLfixed" name="left" flow="in" />
    <param type="GLfixed" name="right" flow="in" />
    <param type="GLfixed" name="bottom" flow="in" />
    <param type="GLfixed" name="top" flow="in" />
    <param type="GLfixed" name="zNear" flow="in" />
    <param type="GLfixed" name="zFar" flow="in" />
  </function>
  <function name="PointParameterxOES" extension="OES" profile="" category="1.1" version="1.1">
    <returns type="void" />
    <param type="GLenum" name="pname" flow="in" />
    <param type="GLfixed" name="param" flow="in" />
  </function>
  <function name="PointParameterxvOES" extension="OES" profile="" category="1.1" version="1.1">
    <returns type="void" />
    <param type="GLenum" name="pname" flow="in" />
    <param type="GLfixed*" name="params" flow="in" />
  </function>
  <function name="PointSizePointerOES" extension="OES" profile="" category="1.1" version="1.1">
    <returns type="void" />
    <param type="GLenum" name="type" flow="in" />
    <param type="GLsizei" name="stride" flow="in" />
    <param type="GLvoid*" name="pointer" flow="in" />
  </function>
  <function name="PointSizexOES" extension="OES" profile="" category="1.1" version="1.1">
    <returns type="void" />
    <param type="GLfixed" name="size" flow="in" />
  </function>
  <function name="PolygonOffsetxOES" extension="OES" profile="" category="1.1" version="1.1">
    <returns type="void" />
    <param type="GLfixed" name="factor" flow="in" />
    <param type="GLfixed" name="units" flow="in" />
  </function>
  <function name="QueryMatrixxOES" extension="OES" profile="" category="1.1" version="1.1">
    <returns type="GLbitfield" />
    <param type="GLfixed*" name="mantissa" count="16" flow="in" />
    <param type="GLint*" name="exponent" count="16" flow="in" />
  </function>
  <function name="RenderbufferStorageOES" extension="OES" profile="" category="1.1" version="1.1">
    <returns type="void" />
    <param type="GLenum" name="target" flow="in" />
    <param type="GLenum" name="internalformat" flow="in" />
    <param type="GLsizei" name="width" flow="in" />
    <param type="GLsizei" name="height" flow="in" />
  </function>
  <function name="RotatexOES" extension="OES" profile="" category="1.1" version="1.1">
    <returns type="void" />
    <param type="GLfixed" name="angle" flow="in" />
    <param type="GLfixed" name="x" flow="in" />
    <param type="GLfixed" name="y" flow="in" />
    <param type="GLfixed" name="z" flow="in" />
  </function>
  <function name="SampleCoveragexOES" extension="OES" profile="" category="1.1" version="1.1">
    <returns type="void" />
    <param type="GLclampx" name="value" flow="in" />
    <param type="GLboolean" name="invert" flow="in" />
  </function>
  <function name="ScalexOES" extension="OES" profile="" category="1.1" version="1.1">
    <returns type="void" />
    <param type="GLfixed" name="x" flow="in" />
    <param type="GLfixed" name="y" flow="in" />
    <param type="GLfixed" name="z" flow="in" />
  </function>
  <function name="TexEnvxOES" extension="OES" profile="" category="1.1" version="1.1">
    <returns type="void" />
    <param type="GLenum" name="target" flow="in" />
    <param type="GLenum" name="pname" flow="in" />
    <param type="GLfixed" name="param" flow="in" />
  </function>
  <function name="TexEnvxvOES" extension="OES" profile="" category="1.1" version="1.1">
    <returns type="void" />
    <param type="GLenum" name="target" flow="in" />
    <param type="GLenum" name="pname" flow="in" />
    <param type="GLfixed*" name="params" flow="in" />
  </function>
  <function name="TexGenfOES" extension="OES" profile="" category="1.1" version="1.1">
    <returns type="void" />
    <param type="GLenum" name="coord" flow="in" />
    <param type="GLenum" name="pname" flow="in" />
    <param type="GLfloat" name="param" flow="in" />
  </function>
  <function name="TexGenfvOES" extension="OES" profile="" category="1.1" version="1.1">
    <returns type="void" />
    <param type="GLenum" name="coord" flow="in" />
    <param type="GLenum" name="pname" flow="in" />
    <param type="GLfloat*" name="params" flow="in" />
  </function>
  <function name="TexGeniOES" extension="OES" profile="" category="1.1" version="1.1">
    <returns type="void" />
    <param type="GLenum" name="coord" flow="in" />
    <param type="GLenum" name="pname" flow="in" />
    <param type="GLint" name="param" flow="in" />
  </function>
  <function name="TexGenivOES" extension="OES" profile="" category="1.1" version="1.1">
    <returns type="void" />
    <param type="GLenum" name="coord" flow="in" />
    <param type="GLenum" name="pname" flow="in" />
    <param type="GLint*" name="params" flow="in" />
  </function>
  <function name="TexGenxOES" extension="OES" profile="" category="1.1" version="1.1">
    <returns type="void" />
    <param type="GLenum" name="coord" flow="in" />
    <param type="GLenum" name="pname" flow="in" />
    <param type="GLfixed" name="param" flow="in" />
  </function>
  <function name="TexGenxvOES" extension="OES" profile="" category="1.1" version="1.1">
    <returns type="void" />
    <param type="GLenum" name="coord" flow="in" />
    <param type="GLenum" name="pname" flow="in" />
    <param type="GLfixed*" name="params" flow="in" />
  </function>
  <function name="TexParameterxOES" extension="OES" profile="" category="1.1" version="1.1">
    <returns type="void" />
    <param type="GLenum" name="target" flow="in" />
    <param type="GLenum" name="pname" flow="in" />
    <param type="GLfixed" name="param" flow="in" />
  </function>
  <function name="TexParameterxvOES" extension="OES" profile="" category="1.1" version="1.1">
    <returns type="void" />
    <param type="GLenum" name="target" flow="in" />
    <param type="GLenum" name="pname" flow="in" />
    <param type="GLfixed*" name="params" flow="in" />
  </function>
  <function name="TranslatexOES" extension="OES" profile="" category="1.1" version="1.1">
    <returns type="void" />
    <param type="GLfixed" name="x" flow="in" />
    <param type="GLfixed" name="y" flow="in" />
    <param type="GLfixed" name="z" flow="in" />
  </function>
  <function name="UnmapBufferOES" extension="OES" profile="" category="1.1" version="1.1">
    <returns type="GLboolean" />
    <param type="GLenum" name="target" flow="in" />
  </function>
  <function name="WeightPointerOES" extension="OES" profile="" category="1.1" version="1.1">
    <returns type="void" />
    <param type="GLint" name="size" flow="in" />
    <param type="GLenum" name="type" flow="in" />
    <param type="GLsizei" name="stride" flow="in" />
    <param type="GLvoid*" name="pointer" flow="in" />
  </function>
  <function name="DisableDriverControlQCOM" extension="QCOM" profile="" category="1.1" version="1.1">
    <returns type="void" />
    <param type="GLuint" name="driverControl" flow="in" />
  </function>
  <function name="EnableDriverControlQCOM" extension="QCOM" profile="" category="1.1" version="1.1">
    <returns type="void" />
    <param type="GLuint" name="driverControl" flow="in" />
  </function>
  <function name="GetDriverControlsQCOM" extension="QCOM" profile="" category="1.1" version="1.1">
    <returns type="void" />
    <param type="GLint*" name="num" flow="in" />
    <param type="GLsizei" name="size" flow="in" />
    <param type="GLuint*" name="driverControls" flow="in" />
  </function>
  <function name="GetDriverControlStringQCOM" extension="QCOM" profile="" category="1.1" version="1.1">
    <returns type="void" />
    <param type="GLuint" name="driverControl" flow="in" />
    <param type="GLsizei" name="bufSize" flow="in" />
    <param type="GLsizei*" name="length" flow="in" />
    <param type="char*" name="driverControlString" flow="in" />
  </function>
</signatures>